segment_id,segment_name,district,time_period,is_weekend,risk_score,risk_band,confidence_score,confidence_level,data_quality_score,mapping_confidence,synthetic_data_ratio,shap_evidence_score,data_quality_note,confidence_note
1001,Connaught Place to Janpath,New Delhi,Morning,0,72.09,High,36.02,Low,0.0,50.0,1.0,92.6,"Prototype/proxy inputs used: lighting, CCTV, mobility, crime hotspots.",Lower confidence; interpret this risk estimate cautiously.
1001,Connaught Place to Janpath,New Delhi,Morning,1,76.89,High,35.98,Low,0.0,50.0,1.0,92.4,"Prototype/proxy inputs used: lighting, CCTV, mobility, crime hotspots.",Lower confidence; interpret this risk estimate cautiously.
1001,Connaught Place to Janpath,New Delhi,Day,0,68.06,High,36.18,Low,0.0,50.0,1.0,93.38,"Prototype/proxy inputs used: lighting, CCTV, mobility, crime hotspots.",Lower confidence; interpret this risk estimate cautiously.
1001,Connaught Place to Janpath,New Delhi,Day,1,72.97,High,36.16,Low,0.0,50.0,1.0,93.29,"Prototype/proxy inputs used: lighting, CCTV, mobility, crime hotspots.",Lower confidence; interpret this risk estimate cautiously.
1001,Connaught Place to Janpath,New Delhi,Evening,0,79.93,High,35.81,Low,0.0,50.0,1.0,91.56,"Prototype/proxy inputs used: lighting, CCTV, mobility, crime hotspots.",Lower confidence; interpret this risk estimate cautiously.
1001,Connaught Place to Janpath,New Delhi,Evening,1,85.07,High,35.82,Low,0.0,50.0,1.0,91.59,"Prototype/proxy inputs used: lighting, CCTV, mobility, crime hotspots.",Lower confidence; interpret this risk estimate cautiously.
1001,Connaught Place to Janpath,New Delhi,Night,0,92.05,High,36.9,Low,0.0,50.0,1.0,97.01,"Prototype/proxy inputs used: lighting, CCTV, mobility, crime hotspots.",Lower confidence; interpret this risk estimate cautiously.
1001,Connaught Place to Janpath,New Delhi,Night,1,96.83,High,36.85,Low,0.0,50.0,1.0,96.77,"Prototype/proxy inputs used: lighting, CCTV, mobility, crime hotspots.",Lower confidence; interpret this risk estimate cautiously.
1001,Connaught Place to Janpath,New Delhi,Late Night,0,99.81,High,37.5,Low,0.0,50.0,1.0,100.0,"Prototype/proxy inputs used: lighting, CCTV, mobility, crime hotspots.",Lower confidence; interpret this risk estimate cautiously.
1001,Connaught Place to Janpath,New Delhi,Late Night,1,100.0,High,37.01,Low,0.0,50.0,1.0,97.53,"Prototype/proxy inputs used: lighting, CCTV, mobility, crime hotspots.",Lower confidence; interpret this risk estimate cautiously.
1002,Janpath to Tuglak Road,New Delhi,Morning,0,72.11,High,36.01,Low,0.0,50.0,1.0,92.53,"Prototype/proxy inputs used: lighting, CCTV, mobility, crime hotspots.",Lower confidence; interpret this risk estimate cautiously.
1002,Janpath to Tuglak Road,New Delhi,Morning,1,76.89,High,35.97,Low,0.0,50.0,1.0,92.33,"Prototype/proxy inputs used: lighting, CCTV, mobility, crime hotspots.",Lower confidence; interpret this risk estimate cautiously.
1002,Janpath to Tuglak Road,New Delhi,Day,0,68.05,High,36.16,Low,0.0,50.0,1.0,93.29,"Prototype/proxy inputs used: lighting, CCTV, mobility, crime hotspots.",Lower confidence; interpret this risk estimate cautiously.
1002,Janpath to Tuglak Road,New Delhi,Day,1,72.93,High,36.14,Low,0.0,50.0,1.0,93.2,"Prototype/proxy inputs used: lighting, CCTV, mobility, crime hotspots.",Lower confidence; interpret this risk estimate cautiously.
1002,Janpath to Tuglak Road,New Delhi,Evening,0,79.89,High,35.8,Low,0.0,50.0,1.0,91.52,"Prototype/proxy inputs used: lighting, CCTV, mobility, crime hotspots.",Lower confidence; interpret this risk estimate cautiously.
1002,Janpath to Tuglak Road,New Delhi,Evening,1,85.02,High,35.81,Low,0.0,50.0,1.0,91.56,"Prototype/proxy inputs used: lighting, CCTV, mobility, crime hotspots.",Lower confidence; interpret this risk estimate cautiously.
1002,Janpath to Tuglak Road,New Delhi,Night,0,92.36,High,36.99,Low,0.0,50.0,1.0,97.45,"Prototype/proxy inputs used: lighting, CCTV, mobility, crime hotspots.",Lower confidence; interpret this risk estimate cautiously.
1002,Janpath to Tuglak Road,New Delhi,Night,1,96.78,High,36.9,Low,0.0,50.0,1.0,96.99,"Prototype/proxy inputs used: lighting, CCTV, mobility, crime hotspots.",Lower confidence; interpret this risk estimate cautiously.
1002,Janpath to Tuglak Road,New Delhi,Late Night,0,99.66,High,37.49,Low,0.0,50.0,1.0,99.94,"Prototype/proxy inputs used: lighting, CCTV, mobility, crime hotspots.",Lower confidence; interpret this risk estimate cautiously.
1002,Janpath to Tuglak Road,New Delhi,Late Night,1,100.0,High,37.0,Low,0.0,50.0,1.0,97.5,"Prototype/proxy inputs used: lighting, CCTV, mobility, crime hotspots.",Lower confidence; interpret this risk estimate cautiously.
1003,Tuglak Road to Chanakyapuri,New Delhi,Morning,0,72.11,High,36.02,Low,0.0,50.0,1.0,92.61,"Prototype/proxy inputs used: lighting, CCTV, mobility, crime hotspots.",Lower confidence; interpret this risk estimate cautiously.
1003,Tuglak Road to Chanakyapuri,New Delhi,Morning,1,76.88,High,35.98,Low,0.0,50.0,1.0,92.41,"Prototype/proxy inputs used: lighting, CCTV, mobility, crime hotspots.",Lower confidence; interpret this risk estimate cautiously.
1003,Tuglak Road to Chanakyapuri,New Delhi,Day,0,68.09,High,36.18,Low,0.0,50.0,1.0,93.38,"Prototype/proxy inputs used: lighting, CCTV, mobility, crime hotspots.",Lower confidence; interpret this risk estimate cautiously.
1003,Tuglak Road to Chanakyapuri,New Delhi,Day,1,72.96,High,36.16,Low,0.0,50.0,1.0,93.3,"Prototype/proxy inputs used: lighting, CCTV, mobility, crime hotspots.",Lower confidence; interpret this risk estimate cautiously.
1003,Tuglak Road to Chanakyapuri,New Delhi,Evening,0,79.95,High,35.81,Low,0.0,50.0,1.0,91.57,"Prototype/proxy inputs used: lighting, CCTV, mobility, crime hotspots.",Lower confidence; interpret this risk estimate cautiously.
1003,Tuglak Road to Chanakyapuri,New Delhi,Evening,1,85.05,High,35.82,Low,0.0,50.0,1.0,91.6,"Prototype/proxy inputs used: lighting, CCTV, mobility, crime hotspots.",Lower confidence; interpret this risk estimate cautiously.
1003,Tuglak Road to Chanakyapuri,New Delhi,Night,0,92.08,High,36.9,Low,0.0,50.0,1.0,97.01,"Prototype/proxy inputs used: lighting, CCTV, mobility, crime hotspots.",Lower confidence; interpret this risk estimate cautiously.
1003,Tuglak Road to Chanakyapuri,New Delhi,Night,1,96.82,High,36.85,Low,0.0,50.0,1.0,96.77,"Prototype/proxy inputs used: lighting, CCTV, mobility, crime hotspots.",Lower confidence; interpret this risk estimate cautiously.
1003,Tuglak Road to Chanakyapuri,New Delhi,Late Night,0,99.78,High,37.5,Low,0.0,50.0,1.0,100.0,"Prototype/proxy inputs used: lighting, CCTV, mobility, crime hotspots.",Lower confidence; interpret this risk estimate cautiously.
1003,Tuglak Road to Chanakyapuri,New Delhi,Late Night,1,100.0,High,37.01,Low,0.0,50.0,1.0,97.53,"Prototype/proxy inputs used: lighting, CCTV, mobility, crime hotspots.",Lower confidence; interpret this risk estimate cautiously.
1004,Chanakyapuri to Vasant Vihar,South West,Morning,0,11.99,Low,25.91,Low,0.0,50.0,1.0,42.03,"Prototype/proxy inputs used: lighting, CCTV, mobility, crime hotspots.",Lower confidence; interpret this risk estimate cautiously.
1004,Chanakyapuri to Vasant Vihar,South West,Morning,1,16.98,Low,25.91,Low,0.0,50.0,1.0,42.04,"Prototype/proxy inputs used: lighting, CCTV, mobility, crime hotspots.",Lower confidence; interpret this risk estimate cautiously.
1004,Chanakyapuri to Vasant Vihar,South West,Day,0,8.06,Low,26.02,Low,0.0,50.0,1.0,42.58,"Prototype/proxy inputs used: lighting, CCTV, mobility, crime hotspots.",Lower confidence; interpret this risk estimate cautiously.
1004,Chanakyapuri to Vasant Vihar,South West,Day,1,12.96,Low,26.03,Low,0.0,50.0,1.0,42.67,"Prototype/proxy inputs used: lighting, CCTV, mobility, crime hotspots.",Lower confidence; interpret this risk estimate cautiously.
1004,Chanakyapuri to Vasant Vihar,South West,Evening,0,20.11,Low,25.5,Low,0.0,50.0,1.0,40.02,"Prototype/proxy inputs used: lighting, CCTV, mobility, crime hotspots.",Lower confidence; interpret this risk estimate cautiously.
1004,Chanakyapuri to Vasant Vihar,South West,Evening,1,25.0,Low,25.52,Low,0.0,50.0,1.0,40.11,"Prototype/proxy inputs used: lighting, CCTV, mobility, crime hotspots.",Lower confidence; interpret this risk estimate cautiously.
1004,Chanakyapuri to Vasant Vihar,South West,Night,0,32.25,Moderate,26.68,Low,0.0,50.0,1.0,45.9,"Prototype/proxy inputs used: lighting, CCTV, mobility, crime hotspots.",Lower confidence; interpret this risk estimate cautiously.
1004,Chanakyapuri to Vasant Vihar,South West,Night,1,37.16,Moderate,26.7,Low,0.0,50.0,1.0,45.98,"Prototype/proxy inputs used: lighting, CCTV, mobility, crime hotspots.",Lower confidence; interpret this risk estimate cautiously.
1004,Chanakyapuri to Vasant Vihar,South West,Late Night,0,40.06,High,27.78,Low,0.0,50.0,1.0,51.38,"Prototype/proxy inputs used: lighting, CCTV, mobility, crime hotspots.",Lower confidence; interpret this risk estimate cautiously.
1004,Chanakyapuri to Vasant Vihar,South West,Late Night,1,45.02,High,27.61,Low,0.0,50.0,1.0,50.55,"Prototype/proxy inputs used: lighting, CCTV, mobility, crime hotspots.",Lower confidence; interpret this risk estimate cautiously.
1005,Vasant Vihar to Vasant Kunj,South West,Morning,0,11.98,Low,25.95,Low,0.0,50.0,1.0,42.25,"Prototype/proxy inputs used: lighting, CCTV, mobility, crime hotspots.",Lower confidence; interpret this risk estimate cautiously.
1005,Vasant Vihar to Vasant Kunj,South West,Morning,1,17.0,Low,25.94,Low,0.0,50.0,1.0,42.19,"Prototype/proxy inputs used: lighting, CCTV, mobility, crime hotspots.",Lower confidence; interpret this risk estimate cautiously.
1005,Vasant Vihar to Vasant Kunj,South West,Day,0,8.07,Low,26.06,Low,0.0,50.0,1.0,42.78,"Prototype/proxy inputs used: lighting, CCTV, mobility, crime hotspots.",Lower confidence; interpret this risk estimate cautiously.
1005,Vasant Vihar to Vasant Kunj,South West,Day,1,13.01,Low,26.06,Low,0.0,50.0,1.0,42.8,"Prototype/proxy inputs used: lighting, CCTV, mobility, crime hotspots.",Lower confidence; interpret this risk estimate cautiously.
1005,Vasant Vihar to Vasant Kunj,South West,Evening,0,20.03,Low,25.53,Low,0.0,50.0,1.0,40.15,"Prototype/proxy inputs used: lighting, CCTV, mobility, crime hotspots.",Lower confidence; interpret this risk estimate cautiously.
1005,Vasant Vihar to Vasant Kunj,South West,Evening,1,24.94,Low,25.53,Low,0.0,50.0,1.0,40.17,"Prototype/proxy inputs used: lighting, CCTV, mobility, crime hotspots.",Lower confidence; interpret this risk estimate cautiously.
1005,Vasant Vihar to Vasant Kunj,South West,Night,0,32.0,Moderate,26.7,Low,0.0,50.0,1.0,45.99,"Prototype/proxy inputs used: lighting, CCTV, mobility, crime hotspots.",Lower confidence; interpret this risk estimate cautiously.
1005,Vasant Vihar to Vasant Kunj,South West,Night,1,37.01,Moderate,26.7,Low,0.0,50.0,1.0,46.01,"Prototype/proxy inputs used: lighting, CCTV, mobility, crime hotspots.",Lower confidence; interpret this risk estimate cautiously.
1005,Vasant Vihar to Vasant Kunj,South West,Late Night,0,39.92,Moderate,27.77,Low,0.0,50.0,1.0,51.33,"Prototype/proxy inputs used: lighting, CCTV, mobility, crime hotspots.",Lower confidence; interpret this risk estimate cautiously.
1005,Vasant Vihar to Vasant Kunj,South West,Late Night,1,45.04,High,27.61,Low,0.0,50.0,1.0,50.54,"Prototype/proxy inputs used: lighting, CCTV, mobility, crime hotspots.",Lower confidence; interpret this risk estimate cautiously.
1006,Vasant Kunj to Saket,South West,Morning,0,11.99,Low,25.95,Low,0.0,50.0,1.0,42.24,"Prototype/proxy inputs used: lighting, CCTV, mobility, crime hotspots.",Lower confidence; interpret this risk estimate cautiously.
1006,Vasant Kunj to Saket,South West,Morning,1,17.01,Low,25.94,Low,0.0,50.0,1.0,42.19,"Prototype/proxy inputs used: lighting, CCTV, mobility, crime hotspots.",Lower confidence; interpret this risk estimate cautiously.
1006,Vasant Kunj to Saket,South West,Day,0,8.08,Low,26.06,Low,0.0,50.0,1.0,42.78,"Prototype/proxy inputs used: lighting, CCTV, mobility, crime hotspots.",Lower confidence; interpret this risk estimate cautiously.
1006,Vasant Kunj to Saket,South West,Day,1,13.02,Low,26.06,Low,0.0,50.0,1.0,42.8,"Prototype/proxy inputs used: lighting, CCTV, mobility, crime hotspots.",Lower confidence; interpret this risk estimate cautiously.
1006,Vasant Kunj to Saket,South West,Evening,0,20.02,Low,25.53,Low,0.0,50.0,1.0,40.13,"Prototype/proxy inputs used: lighting, CCTV, mobility, crime hotspots.",Lower confidence; interpret this risk estimate cautiously.
1006,Vasant Kunj to Saket,South West,Evening,1,24.94,Low,25.53,Low,0.0,50.0,1.0,40.15,"Prototype/proxy inputs used: lighting, CCTV, mobility, crime hotspots.",Lower confidence; interpret this risk estimate cautiously.
1006,Vasant Kunj to Saket,South West,Night,0,32.0,Moderate,26.7,Low,0.0,50.0,1.0,45.99,"Prototype/proxy inputs used: lighting, CCTV, mobility, crime hotspots.",Lower confidence; interpret this risk estimate cautiously.
1006,Vasant Kunj to Saket,South West,Night,1,37.01,Moderate,26.7,Low,0.0,50.0,1.0,46.01,"Prototype/proxy inputs used: lighting, CCTV, mobility, crime hotspots.",Lower confidence; interpret this risk estimate cautiously.
1006,Vasant Kunj to Saket,South West,Late Night,0,39.97,Moderate,27.77,Low,0.0,50.0,1.0,51.33,"Prototype/proxy inputs used: lighting, CCTV, mobility, crime hotspots.",Lower confidence; interpret this risk estimate cautiously.
1006,Vasant Kunj to Saket,South West,Late Night,1,45.02,High,27.61,Low,0.0,50.0,1.0,50.53,"Prototype/proxy inputs used: lighting, CCTV, mobility, crime hotspots.",Lower confidence; interpret this risk estimate cautiously.
1007,Saket to Malviya Nagar,South,Morning,0,17.53,Low,24.27,Low,0.0,50.0,1.0,33.87,"Prototype/proxy inputs used: lighting, CCTV, mobility, crime hotspots.",Lower confidence; interpret this risk estimate cautiously.
1007,Saket to Malviya Nagar,South,Morning,1,22.75,Low,24.16,Low,0.0,50.0,1.0,33.29,"Prototype/proxy inputs used: lighting, CCTV, mobility, crime hotspots.",Lower confidence; interpret this risk estimate cautiously.
1007,Saket to Malviya Nagar,South,Day,0,13.38,Low,25.11,Low,0.0,50.0,1.0,38.05,"Prototype/proxy inputs used: lighting, CCTV, mobility, crime hotspots.",Lower confidence; interpret this risk estimate cautiously.
1007,Saket to Malviya Nagar,South,Day,1,18.58,Low,25.02,Low,0.0,50.0,1.0,37.62,"Prototype/proxy inputs used: lighting, CCTV, mobility, crime hotspots.",Lower confidence; interpret this risk estimate cautiously.
1007,Saket to Malviya Nagar,South,Evening,0,25.36,Moderate,23.79,Low,0.0,50.0,1.0,31.47,"Prototype/proxy inputs used: lighting, CCTV, mobility, crime hotspots.",Lower confidence; interpret this risk estimate cautiously.
1007,Saket to Malviya Nagar,South,Evening,1,30.43,Moderate,23.74,Low,0.0,50.0,1.0,31.2,"Prototype/proxy inputs used: lighting, CCTV, mobility, crime hotspots.",Lower confidence; interpret this risk estimate cautiously.
1007,Saket to Malviya Nagar,South,Night,0,37.37,Moderate,24.78,Low,0.0,50.0,1.0,36.4,"Prototype/proxy inputs used: lighting, CCTV, mobility, crime hotspots.",Lower confidence; interpret this risk estimate cautiously.
1007,Saket to Malviya Nagar,South,Night,1,42.55,High,24.7,Low,0.0,50.0,1.0,36.0,"Prototype/proxy inputs used: lighting, CCTV, mobility, crime hotspots.",Lower confidence; interpret this risk estimate cautiously.
1007,Saket to Malviya Nagar,South,Late Night,0,45.38,High,26.77,Low,0.0,50.0,1.0,46.36,"Prototype/proxy inputs used: lighting, CCTV, mobility, crime hotspots.",Lower confidence; interpret this risk estimate cautiously.
1007,Saket to Malviya Nagar,South,Late Night,1,50.58,High,26.55,Low,0.0,50.0,1.0,45.24,"Prototype/proxy inputs used: lighting, CCTV, mobility, crime hotspots.",Lower confidence; interpret this risk estimate cautiously.
1008,Malviya Nagar to Hauz Khas,South,Morning,0,17.57,Low,24.28,Low,0.0,50.0,1.0,33.89,"Prototype/proxy inputs used: lighting, CCTV, mobility, crime hotspots.",Lower confidence; interpret this risk estimate cautiously.
1008,Malviya Nagar to Hauz Khas,South,Morning,1,22.75,Low,24.16,Low,0.0,50.0,1.0,33.29,"Prototype/proxy inputs used: lighting, CCTV, mobility, crime hotspots.",Lower confidence; interpret this risk estimate cautiously.
1008,Malviya Nagar to Hauz Khas,South,Day,0,13.44,Low,25.11,Low,0.0,50.0,1.0,38.04,"Prototype/proxy inputs used: lighting, CCTV, mobility, crime hotspots.",Lower confidence; interpret this risk estimate cautiously.
1008,Malviya Nagar to Hauz Khas,South,Day,1,18.59,Low,25.02,Low,0.0,50.0,1.0,37.61,"Prototype/proxy inputs used: lighting, CCTV, mobility, crime hotspots.",Lower confidence; interpret this risk estimate cautiously.
1008,Malviya Nagar to Hauz Khas,South,Evening,0,25.38,Moderate,23.79,Low,0.0,50.0,1.0,31.44,"Prototype/proxy inputs used: lighting, CCTV, mobility, crime hotspots.",Lower confidence; interpret this risk estimate cautiously.
1008,Malviya Nagar to Hauz Khas,South,Evening,1,30.45,Moderate,23.74,Low,0.0,50.0,1.0,31.18,"Prototype/proxy inputs used: lighting, CCTV, mobility, crime hotspots.",Lower confidence; interpret this risk estimate cautiously.
1008,Malviya Nagar to Hauz Khas,South,Night,0,37.41,Moderate,24.78,Low,0.0,50.0,1.0,36.38,"Prototype/proxy inputs used: lighting, CCTV, mobility, crime hotspots.",Lower confidence; interpret this risk estimate cautiously.
1008,Malviya Nagar to Hauz Khas,South,Night,1,42.57,High,24.7,Low,0.0,50.0,1.0,35.99,"Prototype/proxy inputs used: lighting, CCTV, mobility, crime hotspots.",Lower confidence; interpret this risk estimate cautiously.
1008,Malviya Nagar to Hauz Khas,South,Late Night,0,45.48,High,26.78,Low,0.0,50.0,1.0,46.38,"Prototype/proxy inputs used: lighting, CCTV, mobility, crime hotspots.",Lower confidence; interpret this risk estimate cautiously.
1008,Malviya Nagar to Hauz Khas,South,Late Night,1,50.58,High,26.55,Low,0.0,50.0,1.0,45.23,"Prototype/proxy inputs used: lighting, CCTV, mobility, crime hotspots.",Lower confidence; interpret this risk estimate cautiously.
1009,Hauz Khas to AIIMS Ring Road,South,Morning,0,17.55,Low,24.26,Low,0.0,50.0,1.0,33.81,"Prototype/proxy inputs used: lighting, CCTV, mobility, crime hotspots.",Lower confidence; interpret this risk estimate cautiously.
1009,Hauz Khas to AIIMS Ring Road,South,Morning,1,22.68,Low,24.16,Low,0.0,50.0,1.0,33.3,"Prototype/proxy inputs used: lighting, CCTV, mobility, crime hotspots.",Lower confidence; interpret this risk estimate cautiously.
1009,Hauz Khas to AIIMS Ring Road,South,Day,0,13.44,Low,25.09,Low,0.0,50.0,1.0,37.97,"Prototype/proxy inputs used: lighting, CCTV, mobility, crime hotspots.",Lower confidence; interpret this risk estimate cautiously.
1009,Hauz Khas to AIIMS Ring Road,South,Day,1,18.53,Low,25.02,Low,0.0,50.0,1.0,37.62,"Prototype/proxy inputs used: lighting, CCTV, mobility, crime hotspots.",Lower confidence; interpret this risk estimate cautiously.
1009,Hauz Khas to AIIMS Ring Road,South,Evening,0,25.48,Moderate,23.78,Low,0.0,50.0,1.0,31.42,"Prototype/proxy inputs used: lighting, CCTV, mobility, crime hotspots.",Lower confidence; interpret this risk estimate cautiously.
1009,Hauz Khas to AIIMS Ring Road,South,Evening,1,30.5,Moderate,23.75,Low,0.0,50.0,1.0,31.24,"Prototype/proxy inputs used: lighting, CCTV, mobility, crime hotspots.",Lower confidence; interpret this risk estimate cautiously.
1009,Hauz Khas to AIIMS Ring Road,South,Night,0,37.49,Moderate,24.75,Low,0.0,50.0,1.0,36.27,"Prototype/proxy inputs used: lighting, CCTV, mobility, crime hotspots.",Lower confidence; interpret this risk estimate cautiously.
1009,Hauz Khas to AIIMS Ring Road,South,Night,1,42.56,High,24.69,Low,0.0,50.0,1.0,35.94,"Prototype/proxy inputs used: lighting, CCTV, mobility, crime hotspots.",Lower confidence; interpret this risk estimate cautiously.
1009,Hauz Khas to AIIMS Ring Road,South,Late Night,0,45.46,High,26.77,Low,0.0,50.0,1.0,46.36,"Prototype/proxy inputs used: lighting, CCTV, mobility, crime hotspots.",Lower confidence; interpret this risk estimate cautiously.
1009,Hauz Khas to AIIMS Ring Road,South,Late Night,1,50.53,High,26.54,Low,0.0,50.0,1.0,45.21,"Prototype/proxy inputs used: lighting, CCTV, mobility, crime hotspots.",Lower confidence; interpret this risk estimate cautiously.
1010,AIIMS to Lajpat Nagar (Ring Road),South East,Morning,0,17.86,Low,24.1,Low,0.0,50.0,1.0,32.98,"Prototype/proxy inputs used: lighting, CCTV, mobility, crime hotspots.",Lower confidence; interpret this risk estimate cautiously.
1010,AIIMS to Lajpat Nagar (Ring Road),South East,Morning,1,22.9,Low,24.02,Low,0.0,50.0,1.0,32.6,"Prototype/proxy inputs used: lighting, CCTV, mobility, crime hotspots.",Lower confidence; interpret this risk estimate cautiously.
1010,AIIMS to Lajpat Nagar (Ring Road),South East,Day,0,13.81,Low,24.89,Low,0.0,50.0,1.0,36.94,"Prototype/proxy inputs used: lighting, CCTV, mobility, crime hotspots.",Lower confidence; interpret this risk estimate cautiously.
1010,AIIMS to Lajpat Nagar (Ring Road),South East,Day,1,18.86,Low,24.82,Low,0.0,50.0,1.0,36.61,"Prototype/proxy inputs used: lighting, CCTV, mobility, crime hotspots.",Lower confidence; interpret this risk estimate cautiously.
1010,AIIMS to Lajpat Nagar (Ring Road),South East,Evening,0,25.85,Moderate,23.56,Low,0.0,50.0,1.0,30.3,"Prototype/proxy inputs used: lighting, CCTV, mobility, crime hotspots.",Lower confidence; interpret this risk estimate cautiously.
1010,AIIMS to Lajpat Nagar (Ring Road),South East,Evening,1,30.87,Moderate,23.54,Low,0.0,50.0,1.0,30.2,"Prototype/proxy inputs used: lighting, CCTV, mobility, crime hotspots.",Lower confidence; interpret this risk estimate cautiously.
1010,AIIMS to Lajpat Nagar (Ring Road),South East,Night,0,37.72,Moderate,24.58,Low,0.0,50.0,1.0,35.39,"Prototype/proxy inputs used: lighting, CCTV, mobility, crime hotspots.",Lower confidence; interpret this risk estimate cautiously.
1010,AIIMS to Lajpat Nagar (Ring Road),South East,Night,1,42.88,High,24.55,Low,0.0,50.0,1.0,35.26,"Prototype/proxy inputs used: lighting, CCTV, mobility, crime hotspots.",Lower confidence; interpret this risk estimate cautiously.
1010,AIIMS to Lajpat Nagar (Ring Road),South East,Late Night,0,45.94,High,26.56,Low,0.0,50.0,1.0,45.32,"Prototype/proxy inputs used: lighting, CCTV, mobility, crime hotspots.",Lower confidence; interpret this risk estimate cautiously.
1010,AIIMS to Lajpat Nagar (Ring Road),South East,Late Night,1,50.84,High,26.35,Low,0.0,50.0,1.0,44.25,"Prototype/proxy inputs used: lighting, CCTV, mobility, crime hotspots.",Lower confidence; interpret this risk estimate cautiously.
1011,Lajpat Nagar to Kalkaji,South East,Morning,0,17.88,Low,24.1,Low,0.0,50.0,1.0,32.98,"Prototype/proxy inputs used: lighting, CCTV, mobility, crime hotspots.",Lower confidence; interpret this risk estimate cautiously.
1011,Lajpat Nagar to Kalkaji,South East,Morning,1,22.91,Low,24.02,Low,0.0,50.0,1.0,32.6,"Prototype/proxy inputs used: lighting, CCTV, mobility, crime hotspots.",Lower confidence; interpret this risk estimate cautiously.
1011,Lajpat Nagar to Kalkaji,South East,Day,0,13.81,Low,24.89,Low,0.0,50.0,1.0,36.97,"Prototype/proxy inputs used: lighting, CCTV, mobility, crime hotspots.",Lower confidence; interpret this risk estimate cautiously.
1011,Lajpat Nagar to Kalkaji,South East,Day,1,18.87,Low,24.83,Low,0.0,50.0,1.0,36.63,"Prototype/proxy inputs used: lighting, CCTV, mobility, crime hotspots.",Lower confidence; interpret this risk estimate cautiously.
1011,Lajpat Nagar to Kalkaji,South East,Evening,0,25.92,Moderate,23.56,Low,0.0,50.0,1.0,30.29,"Prototype/proxy inputs used: lighting, CCTV, mobility, crime hotspots.",Lower confidence; interpret this risk estimate cautiously.
1011,Lajpat Nagar to Kalkaji,South East,Evening,1,30.93,Moderate,23.54,Low,0.0,50.0,1.0,30.2,"Prototype/proxy inputs used: lighting, CCTV, mobility, crime hotspots.",Lower confidence; interpret this risk estimate cautiously.
1011,Lajpat Nagar to Kalkaji,South East,Night,0,37.81,Moderate,24.57,Low,0.0,50.0,1.0,35.35,"Prototype/proxy inputs used: lighting, CCTV, mobility, crime hotspots.",Lower confidence; interpret this risk estimate cautiously.
1011,Lajpat Nagar to Kalkaji,South East,Night,1,42.85,High,24.55,Low,0.0,50.0,1.0,35.25,"Prototype/proxy inputs used: lighting, CCTV, mobility, crime hotspots.",Lower confidence; interpret this risk estimate cautiously.
1011,Lajpat Nagar to Kalkaji,South East,Late Night,0,46.01,High,26.57,Low,0.0,50.0,1.0,45.34,"Prototype/proxy inputs used: lighting, CCTV, mobility, crime hotspots.",Lower confidence; interpret this risk estimate cautiously.
1011,Lajpat Nagar to Kalkaji,South East,Late Night,1,50.87,High,26.35,Low,0.0,50.0,1.0,44.27,"Prototype/proxy inputs used: lighting, CCTV, mobility, crime hotspots.",Lower confidence; interpret this risk estimate cautiously.
1012,Kalkaji to Okhla Industrial Area,South East,Morning,0,17.85,Low,24.11,Low,0.0,50.0,1.0,33.05,"Prototype/proxy inputs used: lighting, CCTV, mobility, crime hotspots.",Lower confidence; interpret this risk estimate cautiously.
1012,Kalkaji to Okhla Industrial Area,South East,Morning,1,22.89,Low,24.02,Low,0.0,50.0,1.0,32.61,"Prototype/proxy inputs used: lighting, CCTV, mobility, crime hotspots.",Lower confidence; interpret this risk estimate cautiously.
1012,Kalkaji to Okhla Industrial Area,South East,Day,0,13.77,Low,24.91,Low,0.0,50.0,1.0,37.06,"Prototype/proxy inputs used: lighting, CCTV, mobility, crime hotspots.",Lower confidence; interpret this risk estimate cautiously.
1012,Kalkaji to Okhla Industrial Area,South East,Day,1,18.85,Low,24.83,Low,0.0,50.0,1.0,36.66,"Prototype/proxy inputs used: lighting, CCTV, mobility, crime hotspots.",Lower confidence; interpret this risk estimate cautiously.
1012,Kalkaji to Okhla Industrial Area,South East,Evening,0,25.84,Moderate,23.58,Low,0.0,50.0,1.0,30.38,"Prototype/proxy inputs used: lighting, CCTV, mobility, crime hotspots.",Lower confidence; interpret this risk estimate cautiously.
1012,Kalkaji to Okhla Industrial Area,South East,Evening,1,30.83,Moderate,23.54,Low,0.0,50.0,1.0,30.21,"Prototype/proxy inputs used: lighting, CCTV, mobility, crime hotspots.",Lower confidence; interpret this risk estimate cautiously.
1012,Kalkaji to Okhla Industrial Area,South East,Night,0,37.73,Moderate,24.57,Low,0.0,50.0,1.0,35.36,"Prototype/proxy inputs used: lighting, CCTV, mobility, crime hotspots.",Lower confidence; interpret this risk estimate cautiously.
1012,Kalkaji to Okhla Industrial Area,South East,Night,1,42.87,High,24.55,Low,0.0,50.0,1.0,35.25,"Prototype/proxy inputs used: lighting, CCTV, mobility, crime hotspots.",Lower confidence; interpret this risk estimate cautiously.
1012,Kalkaji to Okhla Industrial Area,South East,Late Night,0,45.97,High,26.56,Low,0.0,50.0,1.0,45.32,"Prototype/proxy inputs used: lighting, CCTV, mobility, crime hotspots.",Lower confidence; interpret this risk estimate cautiously.
1012,Kalkaji to Okhla Industrial Area,South East,Late Night,1,50.83,High,26.35,Low,0.0,50.0,1.0,44.24,"Prototype/proxy inputs used: lighting, CCTV, mobility, crime hotspots.",Lower confidence; interpret this risk estimate cautiously.
1013,AIIMS to RML Hospital (Sri Aurobindo Marg),South West,Morning,0,12.0,Low,25.9,Low,0.0,50.0,1.0,42.0,"Prototype/proxy inputs used: lighting, CCTV, mobility, crime hotspots.",Lower confidence; interpret this risk estimate cautiously.
1013,AIIMS to RML Hospital (Sri Aurobindo Marg),South West,Morning,1,17.0,Low,25.9,Low,0.0,50.0,1.0,42.02,"Prototype/proxy inputs used: lighting, CCTV, mobility, crime hotspots.",Lower confidence; interpret this risk estimate cautiously.
1013,AIIMS to RML Hospital (Sri Aurobindo Marg),South West,Day,0,8.09,Low,26.02,Low,0.0,50.0,1.0,42.58,"Prototype/proxy inputs used: lighting, CCTV, mobility, crime hotspots.",Lower confidence; interpret this risk estimate cautiously.
1013,AIIMS to RML Hospital (Sri Aurobindo Marg),South West,Day,1,13.01,Low,26.03,Low,0.0,50.0,1.0,42.67,"Prototype/proxy inputs used: lighting, CCTV, mobility, crime hotspots.",Lower confidence; interpret this risk estimate cautiously.
1013,AIIMS to RML Hospital (Sri Aurobindo Marg),South West,Evening,0,20.06,Low,25.5,Low,0.0,50.0,1.0,39.98,"Prototype/proxy inputs used: lighting, CCTV, mobility, crime hotspots.",Lower confidence; interpret this risk estimate cautiously.
1013,AIIMS to RML Hospital (Sri Aurobindo Marg),South West,Evening,1,24.96,Low,25.52,Low,0.0,50.0,1.0,40.09,"Prototype/proxy inputs used: lighting, CCTV, mobility, crime hotspots.",Lower confidence; interpret this risk estimate cautiously.
1013,AIIMS to RML Hospital (Sri Aurobindo Marg),South West,Night,0,31.94,Moderate,26.7,Low,0.0,50.0,1.0,45.98,"Prototype/proxy inputs used: lighting, CCTV, mobility, crime hotspots.",Lower confidence; interpret this risk estimate cautiously.
1013,AIIMS to RML Hospital (Sri Aurobindo Marg),South West,Night,1,37.02,Moderate,26.7,Low,0.0,50.0,1.0,46.01,"Prototype/proxy inputs used: lighting, CCTV, mobility, crime hotspots.",Lower confidence; interpret this risk estimate cautiously.
1013,AIIMS to RML Hospital (Sri Aurobindo Marg),South West,Late Night,0,39.98,Moderate,27.76,Low,0.0,50.0,1.0,51.32,"Prototype/proxy inputs used: lighting, CCTV, mobility, crime hotspots.",Lower confidence; interpret this risk estimate cautiously.
1013,AIIMS to RML Hospital (Sri Aurobindo Marg),South West,Late Night,1,44.98,High,27.6,Low,0.0,50.0,1.0,50.52,"Prototype/proxy inputs used: lighting, CCTV, mobility, crime hotspots.",Lower confidence; interpret this risk estimate cautiously.
1014,RML to Connaught Place,New Delhi,Morning,0,72.1,High,36.01,Low,0.0,50.0,1.0,92.57,"Prototype/proxy inputs used: lighting, CCTV, mobility, crime hotspots.",Lower confidence; interpret this risk estimate cautiously.
1014,RML to Connaught Place,New Delhi,Morning,1,76.92,High,35.98,Low,0.0,50.0,1.0,92.39,"Prototype/proxy inputs used: lighting, CCTV, mobility, crime hotspots.",Lower confidence; interpret this risk estimate cautiously.
1014,RML to Connaught Place,New Delhi,Day,0,68.05,High,36.17,Low,0.0,50.0,1.0,93.34,"Prototype/proxy inputs used: lighting, CCTV, mobility, crime hotspots.",Lower confidence; interpret this risk estimate cautiously.
1014,RML to Connaught Place,New Delhi,Day,1,72.96,High,36.15,Low,0.0,50.0,1.0,93.25,"Prototype/proxy inputs used: lighting, CCTV, mobility, crime hotspots.",Lower confidence; interpret this risk estimate cautiously.
1014,RML to Connaught Place,New Delhi,Evening,0,79.87,High,35.8,Low,0.0,50.0,1.0,91.52,"Prototype/proxy inputs used: lighting, CCTV, mobility, crime hotspots.",Lower confidence; interpret this risk estimate cautiously.
1014,RML to Connaught Place,New Delhi,Evening,1,85.02,High,35.81,Low,0.0,50.0,1.0,91.57,"Prototype/proxy inputs used: lighting, CCTV, mobility, crime hotspots.",Lower confidence; interpret this risk estimate cautiously.
1014,RML to Connaught Place,New Delhi,Night,0,92.38,High,37.0,Low,0.0,50.0,1.0,97.49,"Prototype/proxy inputs used: lighting, CCTV, mobility, crime hotspots.",Lower confidence; interpret this risk estimate cautiously.
1014,RML to Connaught Place,New Delhi,Night,1,96.82,High,36.91,Low,0.0,50.0,1.0,97.03,"Prototype/proxy inputs used: lighting, CCTV, mobility, crime hotspots.",Lower confidence; interpret this risk estimate cautiously.
1014,RML to Connaught Place,New Delhi,Late Night,0,99.67,High,37.49,Low,0.0,50.0,1.0,99.95,"Prototype/proxy inputs used: lighting, CCTV, mobility, crime hotspots.",Lower confidence; interpret this risk estimate cautiously.
1014,RML to Connaught Place,New Delhi,Late Night,1,100.0,High,37.0,Low,0.0,50.0,1.0,97.51,"Prototype/proxy inputs used: lighting, CCTV, mobility, crime hotspots.",Lower confidence; interpret this risk estimate cautiously.
1015,Connaught Place to Karol Bagh,Central,Morning,0,21.47,Low,24.08,Low,0.0,50.0,1.0,32.91,"Prototype/proxy inputs used: lighting, CCTV, mobility, crime hotspots.",Lower confidence; interpret this risk estimate cautiously.
1015,Connaught Place to Karol Bagh,Central,Morning,1,26.59,Moderate,23.99,Low,0.0,50.0,1.0,32.46,"Prototype/proxy inputs used: lighting, CCTV, mobility, crime hotspots.",Lower confidence; interpret this risk estimate cautiously.
1015,Connaught Place to Karol Bagh,Central,Day,0,17.87,Low,24.83,Low,0.0,50.0,1.0,36.67,"Prototype/proxy inputs used: lighting, CCTV, mobility, crime hotspots.",Lower confidence; interpret this risk estimate cautiously.
1015,Connaught Place to Karol Bagh,Central,Day,1,22.91,Low,24.76,Low,0.0,50.0,1.0,36.28,"Prototype/proxy inputs used: lighting, CCTV, mobility, crime hotspots.",Lower confidence; interpret this risk estimate cautiously.
1015,Connaught Place to Karol Bagh,Central,Evening,0,29.57,Moderate,23.48,Low,0.0,50.0,1.0,29.91,"Prototype/proxy inputs used: lighting, CCTV, mobility, crime hotspots.",Lower confidence; interpret this risk estimate cautiously.
1015,Connaught Place to Karol Bagh,Central,Evening,1,34.71,Moderate,23.5,Low,0.0,50.0,1.0,29.99,"Prototype/proxy inputs used: lighting, CCTV, mobility, crime hotspots.",Lower confidence; interpret this risk estimate cautiously.
1015,Connaught Place to Karol Bagh,Central,Night,0,40.93,High,24.52,Low,0.0,50.0,1.0,35.09,"Prototype/proxy inputs used: lighting, CCTV, mobility, crime hotspots.",Lower confidence; interpret this risk estimate cautiously.
1015,Connaught Place to Karol Bagh,Central,Night,1,46.63,High,24.44,Low,0.0,50.0,1.0,34.72,"Prototype/proxy inputs used: lighting, CCTV, mobility, crime hotspots.",Lower confidence; interpret this risk estimate cautiously.
1015,Connaught Place to Karol Bagh,Central,Late Night,0,50.91,High,26.59,Low,0.0,50.0,1.0,45.43,"Prototype/proxy inputs used: lighting, CCTV, mobility, crime hotspots.",Lower confidence; interpret this risk estimate cautiously.
1015,Connaught Place to Karol Bagh,Central,Late Night,1,54.73,High,26.28,Low,0.0,50.0,1.0,43.89,"Prototype/proxy inputs used: lighting, CCTV, mobility, crime hotspots.",Lower confidence; interpret this risk estimate cautiously.
1016,Karol Bagh to Rajouri Garden,West,Morning,0,16.91,Low,24.49,Low,0.0,50.0,1.0,34.93,"Prototype/proxy inputs used: lighting, CCTV, mobility, crime hotspots.",Lower confidence; interpret this risk estimate cautiously.
1016,Karol Bagh to Rajouri Garden,West,Morning,1,22.04,Low,24.39,Low,0.0,50.0,1.0,34.44,"Prototype/proxy inputs used: lighting, CCTV, mobility, crime hotspots.",Lower confidence; interpret this risk estimate cautiously.
1016,Karol Bagh to Rajouri Garden,West,Day,0,12.96,Low,25.28,Low,0.0,50.0,1.0,38.91,"Prototype/proxy inputs used: lighting, CCTV, mobility, crime hotspots.",Lower confidence; interpret this risk estimate cautiously.
1016,Karol Bagh to Rajouri Garden,West,Day,1,17.96,Low,25.24,Low,0.0,50.0,1.0,38.7,"Prototype/proxy inputs used: lighting, CCTV, mobility, crime hotspots.",Lower confidence; interpret this risk estimate cautiously.
1016,Karol Bagh to Rajouri Garden,West,Evening,0,25.09,Moderate,23.91,Low,0.0,50.0,1.0,32.04,"Prototype/proxy inputs used: lighting, CCTV, mobility, crime hotspots.",Lower confidence; interpret this risk estimate cautiously.
1016,Karol Bagh to Rajouri Garden,West,Evening,1,29.98,Moderate,23.9,Low,0.0,50.0,1.0,32.0,"Prototype/proxy inputs used: lighting, CCTV, mobility, crime hotspots.",Lower confidence; interpret this risk estimate cautiously.
1016,Karol Bagh to Rajouri Garden,West,Night,0,36.96,Moderate,24.92,Low,0.0,50.0,1.0,37.09,"Prototype/proxy inputs used: lighting, CCTV, mobility, crime hotspots.",Lower confidence; interpret this risk estimate cautiously.
1016,Karol Bagh to Rajouri Garden,West,Night,1,42.01,High,24.88,Low,0.0,50.0,1.0,36.89,"Prototype/proxy inputs used: lighting, CCTV, mobility, crime hotspots.",Lower confidence; interpret this risk estimate cautiously.
1016,Karol Bagh to Rajouri Garden,West,Late Night,0,45.09,High,26.94,Low,0.0,50.0,1.0,47.2,"Prototype/proxy inputs used: lighting, CCTV, mobility, crime hotspots.",Lower confidence; interpret this risk estimate cautiously.
1016,Karol Bagh to Rajouri Garden,West,Late Night,1,50.08,High,26.73,Low,0.0,50.0,1.0,46.17,"Prototype/proxy inputs used: lighting, CCTV, mobility, crime hotspots.",Lower confidence; interpret this risk estimate cautiously.
1017,Rajouri Garden to Janakpuri,West,Morning,0,16.88,Low,24.49,Low,0.0,50.0,1.0,34.95,"Prototype/proxy inputs used: lighting, CCTV, mobility, crime hotspots.",Lower confidence; interpret this risk estimate cautiously.
1017,Rajouri Garden to Janakpuri,West,Morning,1,22.03,Low,24.39,Low,0.0,50.0,1.0,34.46,"Prototype/proxy inputs used: lighting, CCTV, mobility, crime hotspots.",Lower confidence; interpret this risk estimate cautiously.
1017,Rajouri Garden to Janakpuri,West,Day,0,12.95,Low,25.29,Low,0.0,50.0,1.0,38.95,"Prototype/proxy inputs used: lighting, CCTV, mobility, crime hotspots.",Lower confidence; interpret this risk estimate cautiously.
1017,Rajouri Garden to Janakpuri,West,Day,1,17.98,Low,25.25,Low,0.0,50.0,1.0,38.76,"Prototype/proxy inputs used: lighting, CCTV, mobility, crime hotspots.",Lower confidence; interpret this risk estimate cautiously.
1017,Rajouri Garden to Janakpuri,West,Evening,0,25.08,Moderate,23.91,Low,0.0,50.0,1.0,32.05,"Prototype/proxy inputs used: lighting, CCTV, mobility, crime hotspots.",Lower confidence; interpret this risk estimate cautiously.
1017,Rajouri Garden to Janakpuri,West,Evening,1,29.98,Moderate,23.9,Low,0.0,50.0,1.0,32.0,"Prototype/proxy inputs used: lighting, CCTV, mobility, crime hotspots.",Lower confidence; interpret this risk estimate cautiously.
1017,Rajouri Garden to Janakpuri,West,Night,0,37.01,Moderate,24.89,Low,0.0,50.0,1.0,36.95,"Prototype/proxy inputs used: lighting, CCTV, mobility, crime hotspots.",Lower confidence; interpret this risk estimate cautiously.
1017,Rajouri Garden to Janakpuri,West,Night,1,41.97,High,24.87,Low,0.0,50.0,1.0,36.83,"Prototype/proxy inputs used: lighting, CCTV, mobility, crime hotspots.",Lower confidence; interpret this risk estimate cautiously.
1017,Rajouri Garden to Janakpuri,West,Late Night,0,45.01,High,26.93,Low,0.0,50.0,1.0,47.16,"Prototype/proxy inputs used: lighting, CCTV, mobility, crime hotspots.",Lower confidence; interpret this risk estimate cautiously.
1017,Rajouri Garden to Janakpuri,West,Late Night,1,50.11,High,26.74,Low,0.0,50.0,1.0,46.19,"Prototype/proxy inputs used: lighting, CCTV, mobility, crime hotspots.",Lower confidence; interpret this risk estimate cautiously.
1018,Janakpuri to Dwarka Sec 23,South West,Morning,0,11.99,Low,25.9,Low,0.0,50.0,1.0,42.01,"Prototype/proxy inputs used: lighting, CCTV, mobility, crime hotspots.",Lower confidence; interpret this risk estimate cautiously.
1018,Janakpuri to Dwarka Sec 23,South West,Morning,1,16.98,Low,25.91,Low,0.0,50.0,1.0,42.04,"Prototype/proxy inputs used: lighting, CCTV, mobility, crime hotspots.",Lower confidence; interpret this risk estimate cautiously.
1018,Janakpuri to Dwarka Sec 23,South West,Day,0,8.08,Low,26.01,Low,0.0,50.0,1.0,42.55,"Prototype/proxy inputs used: lighting, CCTV, mobility, crime hotspots.",Lower confidence; interpret this risk estimate cautiously.
1018,Janakpuri to Dwarka Sec 23,South West,Day,1,13.0,Low,26.03,Low,0.0,50.0,1.0,42.65,"Prototype/proxy inputs used: lighting, CCTV, mobility, crime hotspots.",Lower confidence; interpret this risk estimate cautiously.
1018,Janakpuri to Dwarka Sec 23,South West,Evening,0,20.05,Low,25.5,Low,0.0,50.0,1.0,40.0,"Prototype/proxy inputs used: lighting, CCTV, mobility, crime hotspots.",Lower confidence; interpret this risk estimate cautiously.
1018,Janakpuri to Dwarka Sec 23,South West,Evening,1,24.96,Low,25.52,Low,0.0,50.0,1.0,40.1,"Prototype/proxy inputs used: lighting, CCTV, mobility, crime hotspots.",Lower confidence; interpret this risk estimate cautiously.
1018,Janakpuri to Dwarka Sec 23,South West,Night,0,32.03,Moderate,26.67,Low,0.0,50.0,1.0,45.85,"Prototype/proxy inputs used: lighting, CCTV, mobility, crime hotspots.",Lower confidence; interpret this risk estimate cautiously.
1018,Janakpuri to Dwarka Sec 23,South West,Night,1,37.01,Moderate,26.69,Low,0.0,50.0,1.0,45.94,"Prototype/proxy inputs used: lighting, CCTV, mobility, crime hotspots.",Lower confidence; interpret this risk estimate cautiously.
1018,Janakpuri to Dwarka Sec 23,South West,Late Night,0,39.97,Moderate,27.77,Low,0.0,50.0,1.0,51.36,"Prototype/proxy inputs used: lighting, CCTV, mobility, crime hotspots.",Lower confidence; interpret this risk estimate cautiously.
1018,Janakpuri to Dwarka Sec 23,South West,Late Night,1,44.99,High,27.61,Low,0.0,50.0,1.0,50.57,"Prototype/proxy inputs used: lighting, CCTV, mobility, crime hotspots.",Lower confidence; interpret this risk estimate cautiously.
1019,CP to Daryaganj,Central,Morning,0,21.45,Low,24.08,Low,0.0,50.0,1.0,32.91,"Prototype/proxy inputs used: lighting, CCTV, mobility, crime hotspots.",Lower confidence; interpret this risk estimate cautiously.
1019,CP to Daryaganj,Central,Morning,1,26.55,Moderate,23.99,Low,0.0,50.0,1.0,32.46,"Prototype/proxy inputs used: lighting, CCTV, mobility, crime hotspots.",Lower confidence; interpret this risk estimate cautiously.
1019,CP to Daryaganj,Central,Day,0,17.86,Low,24.84,Low,0.0,50.0,1.0,36.68,"Prototype/proxy inputs used: lighting, CCTV, mobility, crime hotspots.",Lower confidence; interpret this risk estimate cautiously.
1019,CP to Daryaganj,Central,Day,1,22.89,Low,24.76,Low,0.0,50.0,1.0,36.29,"Prototype/proxy inputs used: lighting, CCTV, mobility, crime hotspots.",Lower confidence; interpret this risk estimate cautiously.
1019,CP to Daryaganj,Central,Evening,0,29.64,Moderate,23.48,Low,0.0,50.0,1.0,29.9,"Prototype/proxy inputs used: lighting, CCTV, mobility, crime hotspots.",Lower confidence; interpret this risk estimate cautiously.
1019,CP to Daryaganj,Central,Evening,1,34.78,Moderate,23.5,Low,0.0,50.0,1.0,29.98,"Prototype/proxy inputs used: lighting, CCTV, mobility, crime hotspots.",Lower confidence; interpret this risk estimate cautiously.
1019,CP to Daryaganj,Central,Night,0,40.94,High,24.52,Low,0.0,50.0,1.0,35.1,"Prototype/proxy inputs used: lighting, CCTV, mobility, crime hotspots.",Lower confidence; interpret this risk estimate cautiously.
1019,CP to Daryaganj,Central,Night,1,46.64,High,24.45,Low,0.0,50.0,1.0,34.73,"Prototype/proxy inputs used: lighting, CCTV, mobility, crime hotspots.",Lower confidence; interpret this risk estimate cautiously.
1019,CP to Daryaganj,Central,Late Night,0,50.89,High,26.59,Low,0.0,50.0,1.0,45.43,"Prototype/proxy inputs used: lighting, CCTV, mobility, crime hotspots.",Lower confidence; interpret this risk estimate cautiously.
1019,CP to Daryaganj,Central,Late Night,1,54.7,High,26.28,Low,0.0,50.0,1.0,43.89,"Prototype/proxy inputs used: lighting, CCTV, mobility, crime hotspots.",Lower confidence; interpret this risk estimate cautiously.
1020,Daryaganj to Kashmere Gate,North,Morning,0,21.45,Low,24.08,Low,0.0,50.0,1.0,32.92,"Prototype/proxy inputs used: lighting, CCTV, mobility, crime hotspots.",Lower confidence; interpret this risk estimate cautiously.
1020,Daryaganj to Kashmere Gate,North,Morning,1,26.59,Moderate,24.0,Low,0.0,50.0,1.0,32.48,"Prototype/proxy inputs used: lighting, CCTV, mobility, crime hotspots.",Lower confidence; interpret this risk estimate cautiously.
1020,Daryaganj to Kashmere Gate,North,Day,0,17.84,Low,24.83,Low,0.0,50.0,1.0,36.66,"Prototype/proxy inputs used: lighting, CCTV, mobility, crime hotspots.",Lower confidence; interpret this risk estimate cautiously.
1020,Daryaganj to Kashmere Gate,North,Day,1,22.94,Low,24.75,Low,0.0,50.0,1.0,36.27,"Prototype/proxy inputs used: lighting, CCTV, mobility, crime hotspots.",Lower confidence; interpret this risk estimate cautiously.
1020,Daryaganj to Kashmere Gate,North,Evening,0,29.6,Moderate,23.48,Low,0.0,50.0,1.0,29.89,"Prototype/proxy inputs used: lighting, CCTV, mobility, crime hotspots.",Lower confidence; interpret this risk estimate cautiously.
1020,Daryaganj to Kashmere Gate,North,Evening,1,34.77,Moderate,23.5,Low,0.0,50.0,1.0,29.98,"Prototype/proxy inputs used: lighting, CCTV, mobility, crime hotspots.",Lower confidence; interpret this risk estimate cautiously.
1020,Daryaganj to Kashmere Gate,North,Night,0,40.96,High,24.51,Low,0.0,50.0,1.0,35.06,"Prototype/proxy inputs used: lighting, CCTV, mobility, crime hotspots.",Lower confidence; interpret this risk estimate cautiously.
1020,Daryaganj to Kashmere Gate,North,Night,1,46.57,High,24.44,Low,0.0,50.0,1.0,34.68,"Prototype/proxy inputs used: lighting, CCTV, mobility, crime hotspots.",Lower confidence; interpret this risk estimate cautiously.
1020,Daryaganj to Kashmere Gate,North,Late Night,0,50.82,High,26.59,Low,0.0,50.0,1.0,45.46,"Prototype/proxy inputs used: lighting, CCTV, mobility, crime hotspots.",Lower confidence; interpret this risk estimate cautiously.
1020,Daryaganj to Kashmere Gate,North,Late Night,1,54.74,High,26.28,Low,0.0,50.0,1.0,43.91,"Prototype/proxy inputs used: lighting, CCTV, mobility, crime hotspots.",Lower confidence; interpret this risk estimate cautiously.
1021,Kashmere Gate to Civil Lines,North,Morning,0,21.42,Low,24.09,Low,0.0,50.0,1.0,32.93,"Prototype/proxy inputs used: lighting, CCTV, mobility, crime hotspots.",Lower confidence; interpret this risk estimate cautiously.
1021,Kashmere Gate to Civil Lines,North,Morning,1,26.53,Moderate,24.0,Low,0.0,50.0,1.0,32.49,"Prototype/proxy inputs used: lighting, CCTV, mobility, crime hotspots.",Lower confidence; interpret this risk estimate cautiously.
1021,Kashmere Gate to Civil Lines,North,Day,0,17.84,Low,24.83,Low,0.0,50.0,1.0,36.66,"Prototype/proxy inputs used: lighting, CCTV, mobility, crime hotspots.",Lower confidence; interpret this risk estimate cautiously.
1021,Kashmere Gate to Civil Lines,North,Day,1,22.89,Low,24.75,Low,0.0,50.0,1.0,36.27,"Prototype/proxy inputs used: lighting, CCTV, mobility, crime hotspots.",Lower confidence; interpret this risk estimate cautiously.
1021,Kashmere Gate to Civil Lines,North,Evening,0,29.62,Moderate,23.48,Low,0.0,50.0,1.0,29.9,"Prototype/proxy inputs used: lighting, CCTV, mobility, crime hotspots.",Lower confidence; interpret this risk estimate cautiously.
1021,Kashmere Gate to Civil Lines,North,Evening,1,34.76,Moderate,23.5,Low,0.0,50.0,1.0,29.98,"Prototype/proxy inputs used: lighting, CCTV, mobility, crime hotspots.",Lower confidence; interpret this risk estimate cautiously.
1021,Kashmere Gate to Civil Lines,North,Night,0,40.87,High,24.5,Low,0.0,50.0,1.0,34.99,"Prototype/proxy inputs used: lighting, CCTV, mobility, crime hotspots.",Lower confidence; interpret this risk estimate cautiously.
1021,Kashmere Gate to Civil Lines,North,Night,1,46.46,High,24.44,Low,0.0,50.0,1.0,34.68,"Prototype/proxy inputs used: lighting, CCTV, mobility, crime hotspots.",Lower confidence; interpret this risk estimate cautiously.
1021,Kashmere Gate to Civil Lines,North,Late Night,0,50.8,High,26.59,Low,0.0,50.0,1.0,45.44,"Prototype/proxy inputs used: lighting, CCTV, mobility, crime hotspots.",Lower confidence; interpret this risk estimate cautiously.
1021,Kashmere Gate to Civil Lines,North,Late Night,1,54.74,High,26.28,Low,0.0,50.0,1.0,43.9,"Prototype/proxy inputs used: lighting, CCTV, mobility, crime hotspots.",Lower confidence; interpret this risk estimate cautiously.
1022,Civil Lines to Model Town,North,Morning,0,21.81,Low,24.08,Low,0.0,50.0,1.0,32.89,"Prototype/proxy inputs used: lighting, CCTV, mobility, crime hotspots.",Lower confidence; interpret this risk estimate cautiously.
1022,Civil Lines to Model Town,North,Morning,1,26.92,Moderate,23.98,Low,0.0,50.0,1.0,32.38,"Prototype/proxy inputs used: lighting, CCTV, mobility, crime hotspots.",Lower confidence; interpret this risk estimate cautiously.
1022,Civil Lines to Model Town,North,Day,0,18.17,Low,24.83,Low,0.0,50.0,1.0,36.67,"Prototype/proxy inputs used: lighting, CCTV, mobility, crime hotspots.",Lower confidence; interpret this risk estimate cautiously.
1022,Civil Lines to Model Town,North,Day,1,23.24,Low,24.74,Low,0.0,50.0,1.0,36.21,"Prototype/proxy inputs used: lighting, CCTV, mobility, crime hotspots.",Lower confidence; interpret this risk estimate cautiously.
1022,Civil Lines to Model Town,North,Evening,0,29.5,Moderate,23.47,Low,0.0,50.0,1.0,29.87,"Prototype/proxy inputs used: lighting, CCTV, mobility, crime hotspots.",Lower confidence; interpret this risk estimate cautiously.
1022,Civil Lines to Model Town,North,Evening,1,34.63,Moderate,23.47,Low,0.0,50.0,1.0,29.87,"Prototype/proxy inputs used: lighting, CCTV, mobility, crime hotspots.",Lower confidence; interpret this risk estimate cautiously.
1022,Civil Lines to Model Town,North,Night,0,40.93,High,24.51,Low,0.0,50.0,1.0,35.06,"Prototype/proxy inputs used: lighting, CCTV, mobility, crime hotspots.",Lower confidence; interpret this risk estimate cautiously.
1022,Civil Lines to Model Town,North,Night,1,46.55,High,24.44,Low,0.0,50.0,1.0,34.69,"Prototype/proxy inputs used: lighting, CCTV, mobility, crime hotspots.",Lower confidence; interpret this risk estimate cautiously.
1022,Civil Lines to Model Town,North,Late Night,0,50.7,High,26.57,Low,0.0,50.0,1.0,45.36,"Prototype/proxy inputs used: lighting, CCTV, mobility, crime hotspots.",Lower confidence; interpret this risk estimate cautiously.
1022,Civil Lines to Model Town,North,Late Night,1,54.65,High,26.27,Low,0.0,50.0,1.0,43.86,"Prototype/proxy inputs used: lighting, CCTV, mobility, crime hotspots.",Lower confidence; interpret this risk estimate cautiously.
1023,Model Town to Shalimar Bagh,North West,Morning,0,18.57,Low,24.16,Low,0.0,50.0,1.0,33.32,"Prototype/proxy inputs used: lighting, CCTV, mobility, crime hotspots.",Lower confidence; interpret this risk estimate cautiously.
1023,Model Town to Shalimar Bagh,North West,Morning,1,23.61,Low,24.06,Low,0.0,50.0,1.0,32.81,"Prototype/proxy inputs used: lighting, CCTV, mobility, crime hotspots.",Lower confidence; interpret this risk estimate cautiously.
1023,Model Town to Shalimar Bagh,North West,Day,0,14.59,Low,24.95,Low,0.0,50.0,1.0,37.23,"Prototype/proxy inputs used: lighting, CCTV, mobility, crime hotspots.",Lower confidence; interpret this risk estimate cautiously.
1023,Model Town to Shalimar Bagh,North West,Day,1,19.6,Low,24.87,Low,0.0,50.0,1.0,36.86,"Prototype/proxy inputs used: lighting, CCTV, mobility, crime hotspots.",Lower confidence; interpret this risk estimate cautiously.
1023,Model Town to Shalimar Bagh,North West,Evening,0,26.66,Moderate,23.62,Low,0.0,50.0,1.0,30.62,"Prototype/proxy inputs used: lighting, CCTV, mobility, crime hotspots.",Lower confidence; interpret this risk estimate cautiously.
1023,Model Town to Shalimar Bagh,North West,Evening,1,31.54,Moderate,23.6,Low,0.0,50.0,1.0,30.48,"Prototype/proxy inputs used: lighting, CCTV, mobility, crime hotspots.",Lower confidence; interpret this risk estimate cautiously.
1023,Model Town to Shalimar Bagh,North West,Night,0,38.57,Moderate,24.59,Low,0.0,50.0,1.0,35.44,"Prototype/proxy inputs used: lighting, CCTV, mobility, crime hotspots.",Lower confidence; interpret this risk estimate cautiously.
1023,Model Town to Shalimar Bagh,North West,Night,1,43.67,High,24.52,Low,0.0,50.0,1.0,35.1,"Prototype/proxy inputs used: lighting, CCTV, mobility, crime hotspots.",Lower confidence; interpret this risk estimate cautiously.
1023,Model Town to Shalimar Bagh,North West,Late Night,0,46.68,High,26.59,Low,0.0,50.0,1.0,45.43,"Prototype/proxy inputs used: lighting, CCTV, mobility, crime hotspots.",Lower confidence; interpret this risk estimate cautiously.
1023,Model Town to Shalimar Bagh,North West,Late Night,1,51.47,High,26.36,Low,0.0,50.0,1.0,44.31,"Prototype/proxy inputs used: lighting, CCTV, mobility, crime hotspots.",Lower confidence; interpret this risk estimate cautiously.
1024,Shalimar Bagh to Rohini Sec 18,North West,Morning,0,18.53,Low,24.16,Low,0.0,50.0,1.0,33.32,"Prototype/proxy inputs used: lighting, CCTV, mobility, crime hotspots.",Lower confidence; interpret this risk estimate cautiously.
1024,Shalimar Bagh to Rohini Sec 18,North West,Morning,1,23.63,Low,24.06,Low,0.0,50.0,1.0,32.81,"Prototype/proxy inputs used: lighting, CCTV, mobility, crime hotspots.",Lower confidence; interpret this risk estimate cautiously.
1024,Shalimar Bagh to Rohini Sec 18,North West,Day,0,14.57,Low,24.95,Low,0.0,50.0,1.0,37.23,"Prototype/proxy inputs used: lighting, CCTV, mobility, crime hotspots.",Lower confidence; interpret this risk estimate cautiously.
1024,Shalimar Bagh to Rohini Sec 18,North West,Day,1,19.6,Low,24.87,Low,0.0,50.0,1.0,36.86,"Prototype/proxy inputs used: lighting, CCTV, mobility, crime hotspots.",Lower confidence; interpret this risk estimate cautiously.
1024,Shalimar Bagh to Rohini Sec 18,North West,Evening,0,26.67,Moderate,23.61,Low,0.0,50.0,1.0,30.54,"Prototype/proxy inputs used: lighting, CCTV, mobility, crime hotspots.",Lower confidence; interpret this risk estimate cautiously.
1024,Shalimar Bagh to Rohini Sec 18,North West,Evening,1,31.57,Moderate,23.59,Low,0.0,50.0,1.0,30.47,"Prototype/proxy inputs used: lighting, CCTV, mobility, crime hotspots.",Lower confidence; interpret this risk estimate cautiously.
1024,Shalimar Bagh to Rohini Sec 18,North West,Night,0,38.58,Moderate,24.59,Low,0.0,50.0,1.0,35.44,"Prototype/proxy inputs used: lighting, CCTV, mobility, crime hotspots.",Lower confidence; interpret this risk estimate cautiously.
1024,Shalimar Bagh to Rohini Sec 18,North West,Night,1,43.67,High,24.52,Low,0.0,50.0,1.0,35.1,"Prototype/proxy inputs used: lighting, CCTV, mobility, crime hotspots.",Lower confidence; interpret this risk estimate cautiously.
1024,Shalimar Bagh to Rohini Sec 18,North West,Late Night,0,46.68,High,26.58,Low,0.0,50.0,1.0,45.41,"Prototype/proxy inputs used: lighting, CCTV, mobility, crime hotspots.",Lower confidence; interpret this risk estimate cautiously.
1024,Shalimar Bagh to Rohini Sec 18,North West,Late Night,1,51.46,High,26.36,Low,0.0,50.0,1.0,44.3,"Prototype/proxy inputs used: lighting, CCTV, mobility, crime hotspots.",Lower confidence; interpret this risk estimate cautiously.
1025,Daryaganj to Preet Vihar (Vikas Marg),East,Morning,0,20.26,Low,24.39,Low,0.0,50.0,1.0,34.44,"Prototype/proxy inputs used: lighting, CCTV, mobility, crime hotspots.",Lower confidence; interpret this risk estimate cautiously.
1025,Daryaganj to Preet Vihar (Vikas Marg),East,Morning,1,25.32,Moderate,24.31,Low,0.0,50.0,1.0,34.07,"Prototype/proxy inputs used: lighting, CCTV, mobility, crime hotspots.",Lower confidence; interpret this risk estimate cautiously.
1025,Daryaganj to Preet Vihar (Vikas Marg),East,Day,0,16.42,Low,25.14,Low,0.0,50.0,1.0,38.22,"Prototype/proxy inputs used: lighting, CCTV, mobility, crime hotspots.",Lower confidence; interpret this risk estimate cautiously.
1025,Daryaganj to Preet Vihar (Vikas Marg),East,Day,1,21.41,Low,25.08,Low,0.0,50.0,1.0,37.91,"Prototype/proxy inputs used: lighting, CCTV, mobility, crime hotspots.",Lower confidence; interpret this risk estimate cautiously.
1025,Daryaganj to Preet Vihar (Vikas Marg),East,Evening,0,28.31,Moderate,23.85,Low,0.0,50.0,1.0,31.77,"Prototype/proxy inputs used: lighting, CCTV, mobility, crime hotspots.",Lower confidence; interpret this risk estimate cautiously.
1025,Daryaganj to Preet Vihar (Vikas Marg),East,Evening,1,33.35,Moderate,23.87,Low,0.0,50.0,1.0,31.87,"Prototype/proxy inputs used: lighting, CCTV, mobility, crime hotspots.",Lower confidence; interpret this risk estimate cautiously.
1025,Daryaganj to Preet Vihar (Vikas Marg),East,Night,0,40.1,High,24.79,Low,0.0,50.0,1.0,36.45,"Prototype/proxy inputs used: lighting, CCTV, mobility, crime hotspots.",Lower confidence; interpret this risk estimate cautiously.
1025,Daryaganj to Preet Vihar (Vikas Marg),East,Night,1,45.56,High,24.74,Low,0.0,50.0,1.0,36.2,"Prototype/proxy inputs used: lighting, CCTV, mobility, crime hotspots.",Lower confidence; interpret this risk estimate cautiously.
1025,Daryaganj to Preet Vihar (Vikas Marg),East,Late Night,0,48.69,High,26.92,Low,0.0,50.0,1.0,47.11,"Prototype/proxy inputs used: lighting, CCTV, mobility, crime hotspots.",Lower confidence; interpret this risk estimate cautiously.
1025,Daryaganj to Preet Vihar (Vikas Marg),East,Late Night,1,53.02,High,26.65,Low,0.0,50.0,1.0,45.73,"Prototype/proxy inputs used: lighting, CCTV, mobility, crime hotspots.",Lower confidence; interpret this risk estimate cautiously.
1026,Preet Vihar to Shahdara,East,Morning,0,20.3,Low,24.38,Low,0.0,50.0,1.0,34.41,"Prototype/proxy inputs used: lighting, CCTV, mobility, crime hotspots.",Lower confidence; interpret this risk estimate cautiously.
1026,Preet Vihar to Shahdara,East,Morning,1,25.35,Moderate,24.31,Low,0.0,50.0,1.0,34.05,"Prototype/proxy inputs used: lighting, CCTV, mobility, crime hotspots.",Lower confidence; interpret this risk estimate cautiously.
1026,Preet Vihar to Shahdara,East,Day,0,16.47,Low,25.14,Low,0.0,50.0,1.0,38.2,"Prototype/proxy inputs used: lighting, CCTV, mobility, crime hotspots.",Lower confidence; interpret this risk estimate cautiously.
1026,Preet Vihar to Shahdara,East,Day,1,21.45,Low,25.08,Low,0.0,50.0,1.0,37.89,"Prototype/proxy inputs used: lighting, CCTV, mobility, crime hotspots.",Lower confidence; interpret this risk estimate cautiously.
1026,Preet Vihar to Shahdara,East,Evening,0,28.32,Moderate,23.86,Low,0.0,50.0,1.0,31.78,"Prototype/proxy inputs used: lighting, CCTV, mobility, crime hotspots.",Lower confidence; interpret this risk estimate cautiously.
1026,Preet Vihar to Shahdara,East,Evening,1,33.35,Moderate,23.88,Low,0.0,50.0,1.0,31.88,"Prototype/proxy inputs used: lighting, CCTV, mobility, crime hotspots.",Lower confidence; interpret this risk estimate cautiously.
1026,Preet Vihar to Shahdara,East,Night,0,40.11,High,24.79,Low,0.0,50.0,1.0,36.45,"Prototype/proxy inputs used: lighting, CCTV, mobility, crime hotspots.",Lower confidence; interpret this risk estimate cautiously.
1026,Preet Vihar to Shahdara,East,Night,1,45.55,High,24.74,Low,0.0,50.0,1.0,36.19,"Prototype/proxy inputs used: lighting, CCTV, mobility, crime hotspots.",Lower confidence; interpret this risk estimate cautiously.
1026,Preet Vihar to Shahdara,East,Late Night,0,48.59,High,26.9,Low,0.0,50.0,1.0,47.02,"Prototype/proxy inputs used: lighting, CCTV, mobility, crime hotspots.",Lower confidence; interpret this risk estimate cautiously.
1026,Preet Vihar to Shahdara,East,Late Night,1,52.97,High,26.63,Low,0.0,50.0,1.0,45.66,"Prototype/proxy inputs used: lighting, CCTV, mobility, crime hotspots.",Lower confidence; interpret this risk estimate cautiously.
1027,Shahdara to Seelampur,North East,Morning,0,15.05,Low,24.81,Low,0.0,50.0,1.0,36.56,"Prototype/proxy inputs used: lighting, CCTV, mobility, crime hotspots.",Lower confidence; interpret this risk estimate cautiously.
1027,Shahdara to Seelampur,North East,Morning,1,20.36,Low,24.74,Low,0.0,50.0,1.0,36.21,"Prototype/proxy inputs used: lighting, CCTV, mobility, crime hotspots.",Lower confidence; interpret this risk estimate cautiously.
1027,Shahdara to Seelampur,North East,Day,0,11.0,Low,25.34,Low,0.0,50.0,1.0,39.22,"Prototype/proxy inputs used: lighting, CCTV, mobility, crime hotspots.",Lower confidence; interpret this risk estimate cautiously.
1027,Shahdara to Seelampur,North East,Day,1,16.09,Low,25.29,Low,0.0,50.0,1.0,38.94,"Prototype/proxy inputs used: lighting, CCTV, mobility, crime hotspots.",Lower confidence; interpret this risk estimate cautiously.
1027,Shahdara to Seelampur,North East,Evening,0,23.18,Low,24.4,Low,0.0,50.0,1.0,34.52,"Prototype/proxy inputs used: lighting, CCTV, mobility, crime hotspots.",Lower confidence; interpret this risk estimate cautiously.
1027,Shahdara to Seelampur,North East,Evening,1,28.27,Moderate,24.36,Low,0.0,50.0,1.0,34.31,"Prototype/proxy inputs used: lighting, CCTV, mobility, crime hotspots.",Lower confidence; interpret this risk estimate cautiously.
1027,Shahdara to Seelampur,North East,Night,0,35.21,Moderate,25.57,Low,0.0,50.0,1.0,40.37,"Prototype/proxy inputs used: lighting, CCTV, mobility, crime hotspots.",Lower confidence; interpret this risk estimate cautiously.
1027,Shahdara to Seelampur,North East,Night,1,40.23,High,25.55,Low,0.0,50.0,1.0,40.24,"Prototype/proxy inputs used: lighting, CCTV, mobility, crime hotspots.",Lower confidence; interpret this risk estimate cautiously.
1027,Shahdara to Seelampur,North East,Late Night,0,42.93,High,26.95,Low,0.0,50.0,1.0,47.25,"Prototype/proxy inputs used: lighting, CCTV, mobility, crime hotspots.",Lower confidence; interpret this risk estimate cautiously.
1027,Shahdara to Seelampur,North East,Late Night,1,48.3,High,26.77,Low,0.0,50.0,1.0,46.36,"Prototype/proxy inputs used: lighting, CCTV, mobility, crime hotspots.",Lower confidence; interpret this risk estimate cautiously.
1028,Seelampur to Nand Nagri,North East,Morning,0,15.14,Low,24.81,Low,0.0,50.0,1.0,36.56,"Prototype/proxy inputs used: lighting, CCTV, mobility, crime hotspots.",Lower confidence; interpret this risk estimate cautiously.
1028,Seelampur to Nand Nagri,North East,Morning,1,20.25,Low,24.74,Low,0.0,50.0,1.0,36.21,"Prototype/proxy inputs used: lighting, CCTV, mobility, crime hotspots.",Lower confidence; interpret this risk estimate cautiously.
1028,Seelampur to Nand Nagri,North East,Day,0,11.24,Low,25.33,Low,0.0,50.0,1.0,39.16,"Prototype/proxy inputs used: lighting, CCTV, mobility, crime hotspots.",Lower confidence; interpret this risk estimate cautiously.
1028,Seelampur to Nand Nagri,North East,Day,1,16.15,Low,25.27,Low,0.0,50.0,1.0,38.86,"Prototype/proxy inputs used: lighting, CCTV, mobility, crime hotspots.",Lower confidence; interpret this risk estimate cautiously.
1028,Seelampur to Nand Nagri,North East,Evening,0,23.24,Low,24.4,Low,0.0,50.0,1.0,34.52,"Prototype/proxy inputs used: lighting, CCTV, mobility, crime hotspots.",Lower confidence; interpret this risk estimate cautiously.
1028,Seelampur to Nand Nagri,North East,Evening,1,28.12,Moderate,24.36,Low,0.0,50.0,1.0,34.3,"Prototype/proxy inputs used: lighting, CCTV, mobility, crime hotspots.",Lower confidence; interpret this risk estimate cautiously.
1028,Seelampur to Nand Nagri,North East,Night,0,35.29,Moderate,25.57,Low,0.0,50.0,1.0,40.34,"Prototype/proxy inputs used: lighting, CCTV, mobility, crime hotspots.",Lower confidence; interpret this risk estimate cautiously.
1028,Seelampur to Nand Nagri,North East,Night,1,40.15,High,25.54,Low,0.0,50.0,1.0,40.21,"Prototype/proxy inputs used: lighting, CCTV, mobility, crime hotspots.",Lower confidence; interpret this risk estimate cautiously.
1028,Seelampur to Nand Nagri,North East,Late Night,0,43.1,High,26.95,Low,0.0,50.0,1.0,47.25,"Prototype/proxy inputs used: lighting, CCTV, mobility, crime hotspots.",Lower confidence; interpret this risk estimate cautiously.
1028,Seelampur to Nand Nagri,North East,Late Night,1,48.16,High,26.76,Low,0.0,50.0,1.0,46.3,"Prototype/proxy inputs used: lighting, CCTV, mobility, crime hotspots.",Lower confidence; interpret this risk estimate cautiously.
1029,Lajpat Nagar to Mayur Vihar (DND Link),South East,Morning,0,17.83,Low,24.09,Low,0.0,50.0,1.0,32.96,"Prototype/proxy inputs used: lighting, CCTV, mobility, crime hotspots.",Lower confidence; interpret this risk estimate cautiously.
1029,Lajpat Nagar to Mayur Vihar (DND Link),South East,Morning,1,22.87,Low,24.02,Low,0.0,50.0,1.0,32.58,"Prototype/proxy inputs used: lighting, CCTV, mobility, crime hotspots.",Lower confidence; interpret this risk estimate cautiously.
1029,Lajpat Nagar to Mayur Vihar (DND Link),South East,Day,0,13.76,Low,24.89,Low,0.0,50.0,1.0,36.96,"Prototype/proxy inputs used: lighting, CCTV, mobility, crime hotspots.",Lower confidence; interpret this risk estimate cautiously.
1029,Lajpat Nagar to Mayur Vihar (DND Link),South East,Day,1,18.82,Low,24.83,Low,0.0,50.0,1.0,36.63,"Prototype/proxy inputs used: lighting, CCTV, mobility, crime hotspots.",Lower confidence; interpret this risk estimate cautiously.
1029,Lajpat Nagar to Mayur Vihar (DND Link),South East,Evening,0,25.84,Moderate,23.57,Low,0.0,50.0,1.0,30.33,"Prototype/proxy inputs used: lighting, CCTV, mobility, crime hotspots.",Lower confidence; interpret this risk estimate cautiously.
1029,Lajpat Nagar to Mayur Vihar (DND Link),South East,Evening,1,30.84,Moderate,23.54,Low,0.0,50.0,1.0,30.22,"Prototype/proxy inputs used: lighting, CCTV, mobility, crime hotspots.",Lower confidence; interpret this risk estimate cautiously.
1029,Lajpat Nagar to Mayur Vihar (DND Link),South East,Night,0,37.82,Moderate,24.55,Low,0.0,50.0,1.0,35.25,"Prototype/proxy inputs used: lighting, CCTV, mobility, crime hotspots.",Lower confidence; interpret this risk estimate cautiously.
1029,Lajpat Nagar to Mayur Vihar (DND Link),South East,Night,1,42.87,High,24.53,Low,0.0,50.0,1.0,35.16,"Prototype/proxy inputs used: lighting, CCTV, mobility, crime hotspots.",Lower confidence; interpret this risk estimate cautiously.
1029,Lajpat Nagar to Mayur Vihar (DND Link),South East,Late Night,0,45.87,High,26.55,Low,0.0,50.0,1.0,45.25,"Prototype/proxy inputs used: lighting, CCTV, mobility, crime hotspots.",Lower confidence; interpret this risk estimate cautiously.
1029,Lajpat Nagar to Mayur Vihar (DND Link),South East,Late Night,1,50.84,High,26.34,Low,0.0,50.0,1.0,44.21,"Prototype/proxy inputs used: lighting, CCTV, mobility, crime hotspots.",Lower confidence; interpret this risk estimate cautiously.
1030,Okhla Ind Area to Sarita Vihar,South East,Morning,0,17.79,Low,24.11,Low,0.0,50.0,1.0,33.05,"Prototype/proxy inputs used: lighting, CCTV, mobility, crime hotspots.",Lower confidence; interpret this risk estimate cautiously.
1030,Okhla Ind Area to Sarita Vihar,South East,Morning,1,22.87,Low,24.02,Low,0.0,50.0,1.0,32.6,"Prototype/proxy inputs used: lighting, CCTV, mobility, crime hotspots.",Lower confidence; interpret this risk estimate cautiously.
1030,Okhla Ind Area to Sarita Vihar,South East,Day,0,13.71,Low,24.91,Low,0.0,50.0,1.0,37.06,"Prototype/proxy inputs used: lighting, CCTV, mobility, crime hotspots.",Lower confidence; interpret this risk estimate cautiously.
1030,Okhla Ind Area to Sarita Vihar,South East,Day,1,18.83,Low,24.83,Low,0.0,50.0,1.0,36.66,"Prototype/proxy inputs used: lighting, CCTV, mobility, crime hotspots.",Lower confidence; interpret this risk estimate cautiously.
1030,Okhla Ind Area to Sarita Vihar,South East,Evening,0,25.74,Moderate,23.57,Low,0.0,50.0,1.0,30.37,"Prototype/proxy inputs used: lighting, CCTV, mobility, crime hotspots.",Lower confidence; interpret this risk estimate cautiously.
1030,Okhla Ind Area to Sarita Vihar,South East,Evening,1,30.81,Moderate,23.54,Low,0.0,50.0,1.0,30.19,"Prototype/proxy inputs used: lighting, CCTV, mobility, crime hotspots.",Lower confidence; interpret this risk estimate cautiously.
1030,Okhla Ind Area to Sarita Vihar,South East,Night,0,37.69,Moderate,24.57,Low,0.0,50.0,1.0,35.37,"Prototype/proxy inputs used: lighting, CCTV, mobility, crime hotspots.",Lower confidence; interpret this risk estimate cautiously.
1030,Okhla Ind Area to Sarita Vihar,South East,Night,1,42.83,High,24.55,Low,0.0,50.0,1.0,35.25,"Prototype/proxy inputs used: lighting, CCTV, mobility, crime hotspots.",Lower confidence; interpret this risk estimate cautiously.
1030,Okhla Ind Area to Sarita Vihar,South East,Late Night,0,45.85,High,26.56,Low,0.0,50.0,1.0,45.28,"Prototype/proxy inputs used: lighting, CCTV, mobility, crime hotspots.",Lower confidence; interpret this risk estimate cautiously.
1030,Okhla Ind Area to Sarita Vihar,South East,Late Night,1,50.83,High,26.35,Low,0.0,50.0,1.0,44.25,"Prototype/proxy inputs used: lighting, CCTV, mobility, crime hotspots.",Lower confidence; interpret this risk estimate cautiously.
