segment_id,segment_name,district,midpoint_latitude,midpoint_longitude,time_period,representative_hour,is_weekend,distance_m,estimated_travel_time_s,model_risk_score,model_risk_band,confidence_score,confidence_level,data_quality_score,confidence_adjusted_risk,base_travel_time_s,risk_penalty_s,routing_cost,route_priority,lighting_score,cctv_coverage_score,contextual_footfall_proxy,distance_to_police_m,distance_to_hospital_m,nearest_hotspot_distance_m,nearest_hotspot_intensity
1001,Connaught Place to Janpath,New Delhi,28.629,77.21695,Morning,8,0,950,76,43.84,High,0.0,Unknown,0.0,32.88,76,49.97,125.97,Use with caution,74,78,3108.3,480.83976280942414,1511.943998920021,1601.6145189263182,88.0
1001,Connaught Place to Janpath,New Delhi,28.629,77.21695,Morning,8,1,950,76,43.87,High,0.0,Unknown,0.0,32.9,76,50.01,126.01,Use with caution,74,78,3108.3,480.83976280942414,1511.943998920021,1601.6145189263182,88.0
1001,Connaught Place to Janpath,New Delhi,28.629,77.21695,Day,13,0,950,76,44.61,High,0.0,Unknown,0.0,33.46,76,50.86,126.86,Use with caution,74,78,2630.1,480.83976280942414,1511.943998920021,1601.6145189263182,88.0
1001,Connaught Place to Janpath,New Delhi,28.629,77.21695,Day,13,1,950,76,44.65,High,0.0,Unknown,0.0,33.48,76,50.9,126.9,Use with caution,74,78,2630.1,480.83976280942414,1511.943998920021,1601.6145189263182,88.0
1001,Connaught Place to Janpath,New Delhi,28.629,77.21695,Evening,19,0,950,76,41.28,High,0.0,Unknown,0.0,30.96,76,47.06,123.06,Use with caution,74,78,4782.0,480.83976280942414,1511.943998920021,1601.6145189263182,88.0
1001,Connaught Place to Janpath,New Delhi,28.629,77.21695,Evening,19,1,950,76,41.29,High,0.0,Unknown,0.0,30.97,76,47.07,123.07,Use with caution,74,78,4782.0,480.83976280942414,1511.943998920021,1601.6145189263182,88.0
1001,Connaught Place to Janpath,New Delhi,28.629,77.21695,Night,23,0,950,76,53.02,High,0.0,Unknown,0.0,39.76,76,60.44,136.44,Use with caution,74,78,1673.7,480.83976280942414,1511.943998920021,1601.6145189263182,88.0
1001,Connaught Place to Janpath,New Delhi,28.629,77.21695,Night,23,1,950,76,53.06,High,0.0,Unknown,0.0,39.8,76,60.49,136.49,Use with caution,74,78,1673.7,480.83976280942414,1511.943998920021,1601.6145189263182,88.0
1001,Connaught Place to Janpath,New Delhi,28.629,77.21695,Late Night,2,0,950,76,56.13,High,0.0,Unknown,0.0,42.1,76,63.99,139.99,Use with caution,74,78,956.4,480.83976280942414,1511.943998920021,1601.6145189263182,88.0
1001,Connaught Place to Janpath,New Delhi,28.629,77.21695,Late Night,2,1,950,76,56.17,High,0.0,Unknown,0.0,42.13,76,64.03,140.03,Use with caution,74,78,956.4,480.83976280942414,1511.943998920021,1601.6145189263182,88.0
1002,Janpath to Tuglak Road,New Delhi,28.6147,77.2131,Morning,8,0,2400,192,45.46,High,0.0,Unknown,0.0,34.1,192,130.93,322.93,Use with caution,81,73,1259.7,1185.476890248464,1470.7233910555285,3170.8734503890955,88.0
1002,Janpath to Tuglak Road,New Delhi,28.6147,77.2131,Morning,8,1,2400,192,45.48,High,0.0,Unknown,0.0,34.11,192,130.98,322.98,Use with caution,81,73,1259.7,1185.476890248464,1470.7233910555285,3170.8734503890955,88.0
1002,Janpath to Tuglak Road,New Delhi,28.6147,77.2131,Day,13,0,2400,192,45.41,High,0.0,Unknown,0.0,34.06,192,130.78,322.78,Use with caution,81,73,1065.9,1185.476890248464,1470.7233910555285,3170.8734503890955,88.0
1002,Janpath to Tuglak Road,New Delhi,28.6147,77.2131,Day,13,1,2400,192,45.45,High,0.0,Unknown,0.0,34.09,192,130.91,322.91,Use with caution,81,73,1065.9,1185.476890248464,1470.7233910555285,3170.8734503890955,88.0
1002,Janpath to Tuglak Road,New Delhi,28.6147,77.2131,Evening,19,0,2400,192,44.18,High,0.0,Unknown,0.0,33.13,192,127.24,319.24,Use with caution,81,73,1938.0,1185.476890248464,1470.7233910555285,3170.8734503890955,88.0
1002,Janpath to Tuglak Road,New Delhi,28.6147,77.2131,Evening,19,1,2400,192,44.23,High,0.0,Unknown,0.0,33.17,192,127.37,319.37,Use with caution,81,73,1938.0,1185.476890248464,1470.7233910555285,3170.8734503890955,88.0
1002,Janpath to Tuglak Road,New Delhi,28.6147,77.2131,Night,23,0,2400,192,52.02,High,0.0,Unknown,0.0,39.01,192,149.82,341.82,Use with caution,81,73,678.3,1185.476890248464,1470.7233910555285,3170.8734503890955,88.0
1002,Janpath to Tuglak Road,New Delhi,28.6147,77.2131,Night,23,1,2400,192,52.07,High,0.0,Unknown,0.0,39.05,192,149.96,341.96,Use with caution,81,73,678.3,1185.476890248464,1470.7233910555285,3170.8734503890955,88.0
1002,Janpath to Tuglak Road,New Delhi,28.6147,77.2131,Late Night,2,0,2400,192,55.17,High,0.0,Unknown,0.0,41.37,192,158.88,350.88,Use with caution,81,73,387.6,1185.476890248464,1470.7233910555285,3170.8734503890955,88.0
1002,Janpath to Tuglak Road,New Delhi,28.6147,77.2131,Late Night,2,1,2400,192,55.21,High,0.0,Unknown,0.0,41.4,192,158.99,350.99,Use with caution,81,73,387.6,1185.476890248464,1470.7233910555285,3170.8734503890955,88.0
1003,Tuglak Road to Chanakyapuri,New Delhi,28.6008,77.19805,Morning,8,0,3100,248,42.96,High,0.0,Unknown,0.0,32.22,248,159.81,407.81,Use with caution,91,54,2863.9,1391.5937709694144,2627.0050768005485,4971.21151500314,88.0
1003,Tuglak Road to Chanakyapuri,New Delhi,28.6008,77.19805,Morning,8,1,3100,248,42.99,High,0.0,Unknown,0.0,32.24,248,159.92,407.92,Use with caution,91,54,2863.9,1391.5937709694144,2627.0050768005485,4971.21151500314,88.0
1003,Tuglak Road to Chanakyapuri,New Delhi,28.6008,77.19805,Day,13,0,3100,248,43.59,High,0.0,Unknown,0.0,32.7,248,162.17,410.17,Use with caution,91,54,2423.3,1391.5937709694144,2627.0050768005485,4971.21151500314,88.0
1003,Tuglak Road to Chanakyapuri,New Delhi,28.6008,77.19805,Day,13,1,3100,248,43.64,High,0.0,Unknown,0.0,32.73,248,162.32,410.32,Use with caution,91,54,2423.3,1391.5937709694144,2627.0050768005485,4971.21151500314,88.0
1003,Tuglak Road to Chanakyapuri,New Delhi,28.6008,77.19805,Evening,19,0,3100,248,40.28,High,0.0,Unknown,0.0,30.21,248,149.86,397.86,Use with caution,91,54,4406.0,1391.5937709694144,2627.0050768005485,4971.21151500314,88.0
1003,Tuglak Road to Chanakyapuri,New Delhi,28.6008,77.19805,Evening,19,1,3100,248,40.29,High,0.0,Unknown,0.0,30.22,248,149.89,397.89,Use with caution,91,54,4406.0,1391.5937709694144,2627.0050768005485,4971.21151500314,88.0
1003,Tuglak Road to Chanakyapuri,New Delhi,28.6008,77.19805,Night,23,0,3100,248,50.82,High,0.0,Unknown,0.0,38.12,248,189.07,437.07,Use with caution,91,54,1542.1,1391.5937709694144,2627.0050768005485,4971.21151500314,88.0
1003,Tuglak Road to Chanakyapuri,New Delhi,28.6008,77.19805,Night,23,1,3100,248,50.87,High,0.0,Unknown,0.0,38.15,248,189.23,437.23,Use with caution,91,54,1542.1,1391.5937709694144,2627.0050768005485,4971.21151500314,88.0
1003,Tuglak Road to Chanakyapuri,New Delhi,28.6008,77.19805,Late Night,2,0,3100,248,53.73,High,0.0,Unknown,0.0,40.3,248,199.87,447.87,Use with caution,91,54,881.2,1391.5937709694144,2627.0050768005485,4971.21151500314,88.0
1003,Tuglak Road to Chanakyapuri,New Delhi,28.6008,77.19805,Late Night,2,1,3100,248,53.76,High,0.0,Unknown,0.0,40.32,248,199.99,447.99,Use with caution,91,54,881.2,1391.5937709694144,2627.0050768005485,4971.21151500314,88.0
1004,Chanakyapuri to Vasant Vihar,South West,28.5779,77.17339999999999,Morning,8,0,4800,384,16.5,Low,0.0,Unknown,0.0,12.38,384,95.06,479.06,Preferred,94,66,2902.25,2425.3920664871503,3458.439974324375,6826.637083930934,79.0
1004,Chanakyapuri to Vasant Vihar,South West,28.5779,77.17339999999999,Morning,8,1,4800,384,16.54,Low,0.0,Unknown,0.0,12.4,384,95.26,479.26,Preferred,94,66,2902.25,2425.3920664871503,3458.439974324375,6826.637083930934,79.0
1004,Chanakyapuri to Vasant Vihar,South West,28.5779,77.17339999999999,Day,13,0,4800,384,17.19,Low,0.0,Unknown,0.0,12.89,384,99.02,483.02,Preferred,94,66,2455.75,2425.3920664871503,3458.439974324375,6826.637083930934,79.0
1004,Chanakyapuri to Vasant Vihar,South West,28.5779,77.17339999999999,Day,13,1,4800,384,17.22,Low,0.0,Unknown,0.0,12.92,384,99.22,483.22,Preferred,94,66,2455.75,2425.3920664871503,3458.439974324375,6826.637083930934,79.0
1004,Chanakyapuri to Vasant Vihar,South West,28.5779,77.17339999999999,Evening,19,0,4800,384,14.32,Low,0.0,Unknown,0.0,10.74,384,82.5,466.5,Preferred,94,66,4465.0,2425.3920664871503,3458.439974324375,6826.637083930934,79.0
1004,Chanakyapuri to Vasant Vihar,South West,28.5779,77.17339999999999,Evening,19,1,4800,384,14.33,Low,0.0,Unknown,0.0,10.75,384,82.56,466.56,Preferred,94,66,4465.0,2425.3920664871503,3458.439974324375,6826.637083930934,79.0
1004,Chanakyapuri to Vasant Vihar,South West,28.5779,77.17339999999999,Night,23,0,4800,384,23.88,Low,0.0,Unknown,0.0,17.91,384,137.53,521.53,Preferred,94,66,1562.75,2425.3920664871503,3458.439974324375,6826.637083930934,79.0
1004,Chanakyapuri to Vasant Vihar,South West,28.5779,77.17339999999999,Night,23,1,4800,384,23.92,Low,0.0,Unknown,0.0,17.94,384,137.77,521.77,Preferred,94,66,1562.75,2425.3920664871503,3458.439974324375,6826.637083930934,79.0
1004,Chanakyapuri to Vasant Vihar,South West,28.5779,77.17339999999999,Late Night,2,0,4800,384,27.69,Moderate,0.0,Unknown,0.0,20.77,384,159.48,543.48,Acceptable,94,66,893.0,2425.3920664871503,3458.439974324375,6826.637083930934,79.0
1004,Chanakyapuri to Vasant Vihar,South West,28.5779,77.17339999999999,Late Night,2,1,4800,384,27.73,Moderate,0.0,Unknown,0.0,20.8,384,159.74,543.74,Acceptable,94,66,893.0,2425.3920664871503,3458.439974324375,6826.637083930934,79.0
1005,Vasant Vihar to Vasant Kunj,South West,28.54875,77.15895,Morning,8,0,2200,176,26.75,Moderate,0.0,Unknown,0.0,20.06,176,70.62,246.62,Acceptable,55,35,293.8,1117.0844935928176,5273.216307974471,4302.123951254367,79.0
1005,Vasant Vihar to Vasant Kunj,South West,28.54875,77.15895,Morning,8,1,2200,176,26.79,Moderate,0.0,Unknown,0.0,20.1,176,70.73,246.73,Acceptable,55,35,293.8,1117.0844935928176,5273.216307974471,4302.123951254367,79.0
1005,Vasant Vihar to Vasant Kunj,South West,28.54875,77.15895,Day,13,0,2200,176,26.84,Moderate,0.0,Unknown,0.0,20.13,176,70.86,246.86,Acceptable,55,35,248.6,1117.0844935928176,5273.216307974471,4302.123951254367,79.0
1005,Vasant Vihar to Vasant Kunj,South West,28.54875,77.15895,Day,13,1,2200,176,26.89,Moderate,0.0,Unknown,0.0,20.16,176,70.98,246.98,Acceptable,55,35,248.6,1117.0844935928176,5273.216307974471,4302.123951254367,79.0
1005,Vasant Vihar to Vasant Kunj,South West,28.54875,77.15895,Evening,19,0,2200,176,26.59,Moderate,0.0,Unknown,0.0,19.94,176,70.19,246.19,Acceptable,55,35,452.0,1117.0844935928176,5273.216307974471,4302.123951254367,79.0
1005,Vasant Vihar to Vasant Kunj,South West,28.54875,77.15895,Evening,19,1,2200,176,26.63,Moderate,0.0,Unknown,0.0,19.97,176,70.3,246.3,Acceptable,55,35,452.0,1117.0844935928176,5273.216307974471,4302.123951254367,79.0
1005,Vasant Vihar to Vasant Kunj,South West,28.54875,77.15895,Night,23,0,2200,176,34.85,Moderate,0.0,Unknown,0.0,26.14,176,92.02,268.02,Acceptable,55,35,158.2,1117.0844935928176,5273.216307974471,4302.123951254367,79.0
1005,Vasant Vihar to Vasant Kunj,South West,28.54875,77.15895,Night,23,1,2200,176,34.91,Moderate,0.0,Unknown,0.0,26.18,176,92.16,268.16,Acceptable,55,35,158.2,1117.0844935928176,5273.216307974471,4302.123951254367,79.0
1005,Vasant Vihar to Vasant Kunj,South West,28.54875,77.15895,Late Night,2,0,2200,176,37.35,Moderate,0.0,Unknown,0.0,28.01,176,98.6,274.6,Acceptable,55,35,90.4,1117.0844935928176,5273.216307974471,4302.123951254367,79.0
1005,Vasant Vihar to Vasant Kunj,South West,28.54875,77.15895,Late Night,2,1,2200,176,37.4,Moderate,0.0,Unknown,0.0,28.05,176,98.75,274.75,Acceptable,55,35,90.4,1117.0844935928176,5273.216307974471,4302.123951254367,79.0
1006,Vasant Kunj to Saket,South West,28.530700000000003,77.18095,Morning,8,0,5400,432,30.36,Moderate,0.0,Unknown,0.0,22.77,432,196.73,628.73,Acceptable,48,49,94.25,1532.0891402036114,3054.167339721936,1532.0891402036114,79.0
1006,Vasant Kunj to Saket,South West,28.530700000000003,77.18095,Morning,8,1,5400,432,30.41,Moderate,0.0,Unknown,0.0,22.81,432,197.06,629.06,Acceptable,48,49,94.25,1532.0891402036114,3054.167339721936,1532.0891402036114,79.0
1006,Vasant Kunj to Saket,South West,28.530700000000003,77.18095,Day,13,0,5400,432,30.41,Moderate,0.0,Unknown,0.0,22.81,432,197.04,629.04,Acceptable,48,49,79.75,1532.0891402036114,3054.167339721936,1532.0891402036114,79.0
1006,Vasant Kunj to Saket,South West,28.530700000000003,77.18095,Day,13,1,5400,432,30.46,Moderate,0.0,Unknown,0.0,22.84,432,197.37,629.37,Acceptable,48,49,79.75,1532.0891402036114,3054.167339721936,1532.0891402036114,79.0
1006,Vasant Kunj to Saket,South West,28.530700000000003,77.18095,Evening,19,0,5400,432,30.3,Moderate,0.0,Unknown,0.0,22.73,432,196.36,628.36,Acceptable,48,49,145.0,1532.0891402036114,3054.167339721936,1532.0891402036114,79.0
1006,Vasant Kunj to Saket,South West,28.530700000000003,77.18095,Evening,19,1,5400,432,30.35,Moderate,0.0,Unknown,0.0,22.77,432,196.69,628.69,Acceptable,48,49,145.0,1532.0891402036114,3054.167339721936,1532.0891402036114,79.0
1006,Vasant Kunj to Saket,South West,28.530700000000003,77.18095,Night,23,0,5400,432,38.64,Moderate,0.0,Unknown,0.0,28.98,432,250.42,682.42,Acceptable,48,49,50.75,1532.0891402036114,3054.167339721936,1532.0891402036114,79.0
1006,Vasant Kunj to Saket,South West,28.530700000000003,77.18095,Night,23,1,5400,432,38.7,Moderate,0.0,Unknown,0.0,29.03,432,250.79,682.79,Acceptable,48,49,50.75,1532.0891402036114,3054.167339721936,1532.0891402036114,79.0
1006,Vasant Kunj to Saket,South West,28.530700000000003,77.18095,Late Night,2,0,5400,432,41.18,High,0.0,Unknown,0.0,30.89,432,266.86,698.86,Use with caution,48,49,29.0,1532.0891402036114,3054.167339721936,1532.0891402036114,79.0
1006,Vasant Kunj to Saket,South West,28.530700000000003,77.18095,Late Night,2,1,5400,432,41.23,High,0.0,Unknown,0.0,30.92,432,267.17,699.17,Use with caution,48,49,29.0,1532.0891402036114,3054.167339721936,1532.0891402036114,79.0
1007,Saket to Malviya Nagar,South,28.5252,77.2085,Morning,8,0,800,64,27.91,Moderate,33.51,Low,0.0,23.27,64,29.79,93.79,Acceptable,62,46,573.95,386.5957417438957,426.9970294730797,2494.806089157192,79.0
1007,Saket to Malviya Nagar,South,28.5252,77.2085,Morning,8,1,800,64,27.95,Moderate,33.52,Low,0.0,23.31,64,29.83,93.83,Acceptable,62,46,573.95,386.5957417438957,426.9970294730797,2494.806089157192,79.0
1007,Saket to Malviya Nagar,South,28.5252,77.2085,Day,13,0,800,64,28.11,Moderate,33.66,Low,0.0,23.45,64,30.02,94.02,Acceptable,62,46,485.65,386.5957417438957,426.9970294730797,2494.806089157192,79.0
1007,Saket to Malviya Nagar,South,28.5252,77.2085,Day,13,1,800,64,28.15,Moderate,33.67,Low,0.0,23.49,64,30.06,94.06,Acceptable,62,46,485.65,386.5957417438957,426.9970294730797,2494.806089157192,79.0
1007,Saket to Malviya Nagar,South,28.5252,77.2085,Evening,19,0,800,64,27.24,Moderate,32.93,Low,0.0,22.67,64,29.02,93.02,Acceptable,62,46,883.0,386.5957417438957,426.9970294730797,2494.806089157192,79.0
1007,Saket to Malviya Nagar,South,28.5252,77.2085,Evening,19,1,800,64,27.29,Moderate,32.93,Low,0.0,22.71,64,29.07,93.07,Acceptable,62,46,883.0,386.5957417438957,426.9970294730797,2494.806089157192,79.0
1007,Saket to Malviya Nagar,South,28.5252,77.2085,Night,23,0,800,64,37.04,Moderate,36.45,Low,0.0,31.15,64,39.88,103.88,Acceptable,62,46,309.05,386.5957417438957,426.9970294730797,2494.806089157192,79.0
1007,Saket to Malviya Nagar,South,28.5252,77.2085,Night,23,1,800,64,37.1,Moderate,36.47,Low,0.0,31.21,64,39.94,103.94,Acceptable,62,46,309.05,386.5957417438957,426.9970294730797,2494.806089157192,79.0
1007,Saket to Malviya Nagar,South,28.5252,77.2085,Late Night,2,0,800,64,39.46,Moderate,37.09,Low,0.0,33.25,64,42.57,106.57,Acceptable,62,46,176.6,386.5957417438957,426.9970294730797,2494.806089157192,79.0
1007,Saket to Malviya Nagar,South,28.5252,77.2085,Late Night,2,1,800,64,39.51,Moderate,37.11,Low,0.0,33.3,64,42.62,106.62,Acceptable,62,46,176.6,386.5957417438957,426.9970294730797,2494.806089157192,79.0
1008,Malviya Nagar to Hauz Khas,South,28.5388,77.2053,Morning,8,0,2600,208,29.6,Moderate,33.97,Low,0.0,24.71,208,102.8,310.8,Acceptable,51,18,265.2,1283.4517857605208,1416.754421603849,3131.287821352369,79.0
1008,Malviya Nagar to Hauz Khas,South,28.5388,77.2053,Morning,8,1,2600,208,29.65,Moderate,33.98,Low,0.0,24.75,208,102.98,310.98,Acceptable,51,18,265.2,1283.4517857605208,1416.754421603849,3131.287821352369,79.0
1008,Malviya Nagar to Hauz Khas,South,28.5388,77.2053,Day,13,0,2600,208,29.88,Moderate,34.22,Low,0.0,24.97,208,103.87,311.87,Acceptable,51,18,224.4,1283.4517857605208,1416.754421603849,3131.287821352369,79.0
1008,Malviya Nagar to Hauz Khas,South,28.5388,77.2053,Day,13,1,2600,208,29.93,Moderate,34.23,Low,0.0,25.01,208,104.04,312.04,Acceptable,51,18,224.4,1283.4517857605208,1416.754421603849,3131.287821352369,79.0
1008,Malviya Nagar to Hauz Khas,South,28.5388,77.2053,Evening,19,0,2600,208,29.28,Moderate,33.69,Low,0.0,24.42,208,101.61,309.61,Acceptable,51,18,408.0,1283.4517857605208,1416.754421603849,3131.287821352369,79.0
1008,Malviya Nagar to Hauz Khas,South,28.5388,77.2053,Evening,19,1,2600,208,29.33,Moderate,33.7,Low,0.0,24.47,208,101.78,309.78,Acceptable,51,18,408.0,1283.4517857605208,1416.754421603849,3131.287821352369,79.0
1008,Malviya Nagar to Hauz Khas,South,28.5388,77.2053,Night,23,0,2600,208,38.37,Moderate,36.51,Low,0.0,32.28,208,134.29,342.29,Acceptable,51,18,142.8,1283.4517857605208,1416.754421603849,3131.287821352369,79.0
1008,Malviya Nagar to Hauz Khas,South,28.5388,77.2053,Night,23,1,2600,208,38.43,Moderate,36.53,Low,0.0,32.34,208,134.52,342.52,Acceptable,51,18,142.8,1283.4517857605208,1416.754421603849,3131.287821352369,79.0
1008,Malviya Nagar to Hauz Khas,South,28.5388,77.2053,Late Night,2,0,2600,208,40.11,High,37.1,Low,0.0,33.81,208,140.63,348.63,Use with caution,51,18,81.6,1283.4517857605208,1416.754421603849,3131.287821352369,79.0
1008,Malviya Nagar to Hauz Khas,South,28.5388,77.2053,Late Night,2,1,2600,208,40.16,High,37.11,Low,0.0,33.84,208,140.79,348.79,Use with caution,51,18,81.6,1283.4517857605208,1416.754421603849,3131.287821352369,79.0
1009,Hauz Khas to AIIMS Ring Road,South,28.5583,77.20505,Morning,8,0,2100,168,14.78,Low,0.0,Unknown,0.0,11.08,168,37.23,205.23,Preferred,79,67,2614.95,1101.4161060262352,1101.3981655521382,4977.453609764864,79.0
1009,Hauz Khas to AIIMS Ring Road,South,28.5583,77.20505,Morning,8,1,2100,168,14.8,Low,0.0,Unknown,0.0,11.1,168,37.3,205.3,Preferred,79,67,2614.95,1101.4161060262352,1101.3981655521382,4977.453609764864,79.0
1009,Hauz Khas to AIIMS Ring Road,South,28.5583,77.20505,Day,13,0,2100,168,15.42,Low,0.0,Unknown,0.0,11.56,168,38.85,206.85,Preferred,79,67,2212.65,1101.4161060262352,1101.3981655521382,4977.453609764864,79.0
1009,Hauz Khas to AIIMS Ring Road,South,28.5583,77.20505,Day,13,1,2100,168,15.46,Low,0.0,Unknown,0.0,11.59,168,38.95,206.95,Preferred,79,67,2212.65,1101.4161060262352,1101.3981655521382,4977.453609764864,79.0
1009,Hauz Khas to AIIMS Ring Road,South,28.5583,77.20505,Evening,19,0,2100,168,12.39,Low,0.0,Unknown,0.0,9.29,168,31.21,199.21,Preferred,79,67,4023.0,1101.4161060262352,1101.3981655521382,4977.453609764864,79.0
1009,Hauz Khas to AIIMS Ring Road,South,28.5583,77.20505,Evening,19,1,2100,168,12.39,Low,0.0,Unknown,0.0,9.29,168,31.22,199.22,Preferred,79,67,4023.0,1101.4161060262352,1101.3981655521382,4977.453609764864,79.0
1009,Hauz Khas to AIIMS Ring Road,South,28.5583,77.20505,Night,23,0,2100,168,21.64,Low,0.0,Unknown,0.0,16.23,168,54.54,222.54,Preferred,79,67,1408.05,1101.4161060262352,1101.3981655521382,4977.453609764864,79.0
1009,Hauz Khas to AIIMS Ring Road,South,28.5583,77.20505,Night,23,1,2100,168,21.69,Low,0.0,Unknown,0.0,16.27,168,54.66,222.66,Preferred,79,67,1408.05,1101.4161060262352,1101.3981655521382,4977.453609764864,79.0
1009,Hauz Khas to AIIMS Ring Road,South,28.5583,77.20505,Late Night,2,0,2100,168,26.34,Moderate,0.0,Unknown,0.0,19.75,168,66.37,234.37,Acceptable,79,67,804.6,1101.4161060262352,1101.3981655521382,4977.453609764864,79.0
1009,Hauz Khas to AIIMS Ring Road,South,28.5583,77.20505,Late Night,2,1,2100,168,26.39,Moderate,0.0,Unknown,0.0,19.79,168,66.51,234.51,Acceptable,79,67,804.6,1101.4161060262352,1101.3981655521382,4977.453609764864,79.0
1010,AIIMS to Lajpat Nagar (Ring Road),South East,28.5678,77.22614999999999,Morning,8,0,3200,256,16.63,Low,0.0,Unknown,0.0,12.47,256,63.85,319.85,Preferred,98,72,1619.15,1578.568992406539,1578.5779771535515,6100.512589540734,84.0
1010,AIIMS to Lajpat Nagar (Ring Road),South East,28.5678,77.22614999999999,Morning,8,1,3200,256,16.67,Low,0.0,Unknown,0.0,12.5,256,64.02,320.02,Preferred,98,72,1619.15,1578.568992406539,1578.5779771535515,6100.512589540734,84.0
1010,AIIMS to Lajpat Nagar (Ring Road),South East,28.5678,77.22614999999999,Day,13,0,3200,256,17.37,Low,0.0,Unknown,0.0,13.02,256,66.68,322.68,Preferred,98,72,1370.05,1578.568992406539,1578.5779771535515,6100.512589540734,84.0
1010,AIIMS to Lajpat Nagar (Ring Road),South East,28.5678,77.22614999999999,Day,13,1,3200,256,17.39,Low,0.0,Unknown,0.0,13.04,256,66.78,322.78,Preferred,98,72,1370.05,1578.568992406539,1578.5779771535515,6100.512589540734,84.0
1010,AIIMS to Lajpat Nagar (Ring Road),South East,28.5678,77.22614999999999,Evening,19,0,3200,256,15.33,Low,0.0,Unknown,0.0,11.5,256,58.86,314.86,Preferred,98,72,2491.0,1578.568992406539,1578.5779771535515,6100.512589540734,84.0
1010,AIIMS to Lajpat Nagar (Ring Road),South East,28.5678,77.22614999999999,Evening,19,1,3200,256,15.37,Low,0.0,Unknown,0.0,11.53,256,59.01,315.01,Preferred,98,72,2491.0,1578.568992406539,1578.5779771535515,6100.512589540734,84.0
1010,AIIMS to Lajpat Nagar (Ring Road),South East,28.5678,77.22614999999999,Night,23,0,3200,256,22.44,Low,0.0,Unknown,0.0,16.83,256,86.16,342.16,Preferred,98,72,871.85,1578.568992406539,1578.5779771535515,6100.512589540734,84.0
1010,AIIMS to Lajpat Nagar (Ring Road),South East,28.5678,77.22614999999999,Night,23,1,3200,256,22.5,Low,0.0,Unknown,0.0,16.87,256,86.39,342.39,Preferred,98,72,871.85,1578.568992406539,1578.5779771535515,6100.512589540734,84.0
1010,AIIMS to Lajpat Nagar (Ring Road),South East,28.5678,77.22614999999999,Late Night,2,0,3200,256,25.57,Moderate,0.0,Unknown,0.0,19.18,256,98.19,354.19,Acceptable,98,72,498.2,1578.568992406539,1578.5779771535515,6100.512589540734,84.0
1010,AIIMS to Lajpat Nagar (Ring Road),South East,28.5678,77.22614999999999,Late Night,2,1,3200,256,25.62,Moderate,0.0,Unknown,0.0,19.22,256,98.38,354.38,Acceptable,98,72,498.2,1578.568992406539,1578.5779771535515,6100.512589540734,84.0
1011,Lajpat Nagar to Kalkaji,South East,28.55865,77.25055,Morning,8,0,2700,216,23.44,Low,30.94,Low,0.0,19.4,216,83.79,299.79,Preferred,93,60,1743.95,1350.7559653368787,2343.241841303212,3789.415956390899,84.0
1011,Lajpat Nagar to Kalkaji,South East,28.55865,77.25055,Morning,8,1,2700,216,23.49,Low,30.95,Low,0.0,19.43,216,83.95,299.95,Preferred,93,60,1743.95,1350.7559653368787,2343.241841303212,3789.415956390899,84.0
1011,Lajpat Nagar to Kalkaji,South East,28.55865,77.25055,Day,13,0,2700,216,23.96,Low,30.1,Low,0.0,19.77,216,85.41,301.41,Preferred,93,60,1475.65,1350.7559653368787,2343.241841303212,3789.415956390899,84.0
1011,Lajpat Nagar to Kalkaji,South East,28.55865,77.25055,Day,13,1,2700,216,24.0,Low,30.11,Low,0.0,19.81,216,85.57,301.57,Preferred,93,60,1475.65,1350.7559653368787,2343.241841303212,3789.415956390899,84.0
1011,Lajpat Nagar to Kalkaji,South East,28.55865,77.25055,Evening,19,0,2700,216,22.3,Low,33.49,Low,0.0,18.59,216,80.3,296.3,Preferred,93,60,2683.0,1350.7559653368787,2343.241841303212,3789.415956390899,84.0
1011,Lajpat Nagar to Kalkaji,South East,28.55865,77.25055,Evening,19,1,2700,216,22.33,Low,33.5,Low,0.0,18.62,216,80.45,296.45,Preferred,93,60,2683.0,1350.7559653368787,2343.241841303212,3789.415956390899,84.0
1011,Lajpat Nagar to Kalkaji,South East,28.55865,77.25055,Night,23,0,2700,216,30.79,Moderate,32.31,Low,0.0,25.58,216,110.51,326.51,Acceptable,93,60,939.05,1350.7559653368787,2343.241841303212,3789.415956390899,84.0
1011,Lajpat Nagar to Kalkaji,South East,28.55865,77.25055,Night,23,1,2700,216,30.86,Moderate,32.32,Low,0.0,25.64,216,110.75,326.75,Acceptable,93,60,939.05,1350.7559653368787,2343.241841303212,3789.415956390899,84.0
1011,Lajpat Nagar to Kalkaji,South East,28.55865,77.25055,Late Night,2,0,2700,216,34.87,Moderate,32.7,Low,0.0,29.0,216,125.3,341.3,Acceptable,93,60,536.6,1350.7559653368787,2343.241841303212,3789.415956390899,84.0
1011,Lajpat Nagar to Kalkaji,South East,28.55865,77.25055,Late Night,2,1,2700,216,34.92,Moderate,32.69,Low,0.0,29.04,216,125.47,341.47,Acceptable,93,60,536.6,1350.7559653368787,2343.241841303212,3789.415956390899,84.0
1012,Kalkaji to Okhla Industrial Area,South East,28.53935,77.26499999999999,Morning,8,0,2500,200,32.39,Moderate,0.0,Unknown,0.0,24.29,200,97.16,297.16,Acceptable,61,26,613.6,1222.4648156336448,1818.8002805314648,1222.4920138909831,84.0
1012,Kalkaji to Okhla Industrial Area,South East,28.53935,77.26499999999999,Morning,8,1,2500,200,32.43,Moderate,0.0,Unknown,0.0,24.32,200,97.28,297.28,Acceptable,61,26,613.6,1222.4648156336448,1818.8002805314648,1222.4920138909831,84.0
1012,Kalkaji to Okhla Industrial Area,South East,28.53935,77.26499999999999,Day,13,0,2500,200,32.46,Moderate,0.0,Unknown,0.0,24.34,200,97.37,297.37,Acceptable,61,26,519.2,1222.4648156336448,1818.8002805314648,1222.4920138909831,84.0
1012,Kalkaji to Okhla Industrial Area,South East,28.53935,77.26499999999999,Day,13,1,2500,200,32.5,Moderate,0.0,Unknown,0.0,24.37,200,97.49,297.49,Acceptable,61,26,519.2,1222.4648156336448,1818.8002805314648,1222.4920138909831,84.0
1012,Kalkaji to Okhla Industrial Area,South East,28.53935,77.26499999999999,Evening,19,0,2500,200,31.63,Moderate,0.0,Unknown,0.0,23.72,200,94.88,294.88,Acceptable,61,26,944.0,1222.4648156336448,1818.8002805314648,1222.4920138909831,84.0
1012,Kalkaji to Okhla Industrial Area,South East,28.53935,77.26499999999999,Evening,19,1,2500,200,31.68,Moderate,0.0,Unknown,0.0,23.76,200,95.03,295.03,Acceptable,61,26,944.0,1222.4648156336448,1818.8002805314648,1222.4920138909831,84.0
1012,Kalkaji to Okhla Industrial Area,South East,28.53935,77.26499999999999,Night,23,0,2500,200,39.92,Moderate,0.0,Unknown,0.0,29.94,200,119.76,319.76,Acceptable,61,26,330.4,1222.4648156336448,1818.8002805314648,1222.4920138909831,84.0
1012,Kalkaji to Okhla Industrial Area,South East,28.53935,77.26499999999999,Night,23,1,2500,200,39.98,Moderate,0.0,Unknown,0.0,29.99,200,119.94,319.94,Acceptable,61,26,330.4,1222.4648156336448,1818.8002805314648,1222.4920138909831,84.0
1012,Kalkaji to Okhla Industrial Area,South East,28.53935,77.26499999999999,Late Night,2,0,2500,200,43.29,High,0.0,Unknown,0.0,32.46,200,129.86,329.86,Use with caution,61,26,188.8,1222.4648156336448,1818.8002805314648,1222.4920138909831,84.0
1012,Kalkaji to Okhla Industrial Area,South East,28.53935,77.26499999999999,Late Night,2,1,2500,200,43.34,High,0.0,Unknown,0.0,32.51,200,130.03,330.03,Use with caution,61,26,188.8,1222.4648156336448,1818.8002805314648,1222.4920138909831,84.0
1013,AIIMS to RML Hospital (Sri Aurobindo Marg),South West,28.59565,77.20625,Morning,8,0,6400,512,16.9,Low,0.0,Unknown,0.0,12.68,512,129.81,641.81,Preferred,72,80,1443.0,1084.631075339318,2910.3078524021416,5343.95967335928,88.0
1013,AIIMS to RML Hospital (Sri Aurobindo Marg),South West,28.59565,77.20625,Morning,8,1,6400,512,16.94,Low,0.0,Unknown,0.0,12.71,512,130.1,642.1,Preferred,72,80,1443.0,1084.631075339318,2910.3078524021416,5343.95967335928,88.0
1013,AIIMS to RML Hospital (Sri Aurobindo Marg),South West,28.59565,77.20625,Day,13,0,6400,512,17.15,Low,0.0,Unknown,0.0,12.86,512,131.7,643.7,Preferred,72,80,1221.0,1084.631075339318,2910.3078524021416,5343.95967335928,88.0
1013,AIIMS to RML Hospital (Sri Aurobindo Marg),South West,28.59565,77.20625,Day,13,1,6400,512,17.17,Low,0.0,Unknown,0.0,12.88,512,131.86,643.86,Preferred,72,80,1221.0,1084.631075339318,2910.3078524021416,5343.95967335928,88.0
1013,AIIMS to RML Hospital (Sri Aurobindo Marg),South West,28.59565,77.20625,Evening,19,0,6400,512,15.35,Low,0.0,Unknown,0.0,11.52,512,117.92,629.92,Preferred,72,80,2220.0,1084.631075339318,2910.3078524021416,5343.95967335928,88.0
1013,AIIMS to RML Hospital (Sri Aurobindo Marg),South West,28.59565,77.20625,Evening,19,1,6400,512,15.4,Low,0.0,Unknown,0.0,11.55,512,118.26,630.26,Preferred,72,80,2220.0,1084.631075339318,2910.3078524021416,5343.95967335928,88.0
1013,AIIMS to RML Hospital (Sri Aurobindo Marg),South West,28.59565,77.20625,Night,23,0,6400,512,24.82,Low,0.0,Unknown,0.0,18.62,512,190.62,702.62,Preferred,72,80,777.0,1084.631075339318,2910.3078524021416,5343.95967335928,88.0
1013,AIIMS to RML Hospital (Sri Aurobindo Marg),South West,28.59565,77.20625,Night,23,1,6400,512,24.88,Low,0.0,Unknown,0.0,18.66,512,191.07,703.07,Preferred,72,80,777.0,1084.631075339318,2910.3078524021416,5343.95967335928,88.0
1013,AIIMS to RML Hospital (Sri Aurobindo Marg),South West,28.59565,77.20625,Late Night,2,0,6400,512,27.44,Moderate,0.0,Unknown,0.0,20.58,512,210.74,722.74,Acceptable,72,80,444.0,1084.631075339318,2910.3078524021416,5343.95967335928,88.0
1013,AIIMS to RML Hospital (Sri Aurobindo Marg),South West,28.59565,77.20625,Late Night,2,1,6400,512,27.5,Moderate,0.0,Unknown,0.0,20.62,512,211.17,723.17,Acceptable,72,80,444.0,1084.631075339318,2910.3078524021416,5343.95967335928,88.0
1014,RML to Connaught Place,New Delhi,28.6284,77.211,Morning,8,0,1900,152,46.03,High,0.0,Unknown,0.0,34.52,152,104.94,256.94,Use with caution,87,72,1621.1,478.48093658249473,957.545069750723,1675.0553949470518,88.0
1014,RML to Connaught Place,New Delhi,28.6284,77.211,Morning,8,1,1900,152,46.06,High,0.0,Unknown,0.0,34.55,152,105.02,257.02,Use with caution,87,72,1621.1,478.48093658249473,957.545069750723,1675.0553949470518,88.0
1014,RML to Connaught Place,New Delhi,28.6284,77.211,Day,13,0,1900,152,46.37,High,0.0,Unknown,0.0,34.78,152,105.73,257.73,Use with caution,87,72,1371.7,478.48093658249473,957.545069750723,1675.0553949470518,88.0
1014,RML to Connaught Place,New Delhi,28.6284,77.211,Day,13,1,1900,152,46.41,High,0.0,Unknown,0.0,34.81,152,105.81,257.81,Use with caution,87,72,1371.7,478.48093658249473,957.545069750723,1675.0553949470518,88.0
1014,RML to Connaught Place,New Delhi,28.6284,77.211,Evening,19,0,1900,152,44.54,High,0.0,Unknown,0.0,33.4,152,101.55,253.55,Use with caution,87,72,2494.0,478.48093658249473,957.545069750723,1675.0553949470518,88.0
1014,RML to Connaught Place,New Delhi,28.6284,77.211,Evening,19,1,1900,152,44.57,High,0.0,Unknown,0.0,33.43,152,101.62,253.62,Use with caution,87,72,2494.0,478.48093658249473,957.545069750723,1675.0553949470518,88.0
1014,RML to Connaught Place,New Delhi,28.6284,77.211,Night,23,0,1900,152,53.07,High,0.0,Unknown,0.0,39.8,152,121.0,273.0,Use with caution,87,72,872.9,478.48093658249473,957.545069750723,1675.0553949470518,88.0
1014,RML to Connaught Place,New Delhi,28.6284,77.211,Night,23,1,1900,152,53.13,High,0.0,Unknown,0.0,39.85,152,121.14,273.14,Use with caution,87,72,872.9,478.48093658249473,957.545069750723,1675.0553949470518,88.0
1014,RML to Connaught Place,New Delhi,28.6284,77.211,Late Night,2,0,1900,152,56.02,High,0.0,Unknown,0.0,42.01,152,127.72,279.72,Use with caution,87,72,498.8,478.48093658249473,957.545069750723,1675.0553949470518,88.0
1014,RML to Connaught Place,New Delhi,28.6284,77.211,Late Night,2,1,1900,152,56.04,High,0.0,Unknown,0.0,42.03,152,127.77,279.77,Use with caution,87,72,498.8,478.48093658249473,957.545069750723,1675.0553949470518,88.0
1015,Connaught Place to Karol Bagh,Central,28.6421,77.20485,Morning,8,0,3300,264,25.87,Moderate,33.41,Low,0.0,21.57,264,113.87,377.87,Acceptable,95,51,1424.8,920.605799198858,1550.5661119107306,920.605799198858,88.0
1015,Connaught Place to Karol Bagh,Central,28.6421,77.20485,Morning,8,1,3300,264,25.91,Moderate,33.42,Low,0.0,21.6,264,114.03,378.03,Acceptable,95,51,1424.8,920.605799198858,1550.5661119107306,920.605799198858,88.0
1015,Connaught Place to Karol Bagh,Central,28.6421,77.20485,Day,13,0,3300,264,25.87,Moderate,33.16,Low,0.0,21.54,264,113.75,377.75,Acceptable,95,51,1205.6,920.605799198858,1550.5661119107306,920.605799198858,88.0
1015,Connaught Place to Karol Bagh,Central,28.6421,77.20485,Day,13,1,3300,264,25.88,Moderate,33.16,Low,0.0,21.56,264,113.83,377.83,Acceptable,95,51,1205.6,920.605799198858,1550.5661119107306,920.605799198858,88.0
1015,Connaught Place to Karol Bagh,Central,28.6421,77.20485,Evening,19,0,3300,264,25.23,Moderate,35.47,Low,0.0,21.16,264,111.74,375.74,Acceptable,95,51,2192.0,920.605799198858,1550.5661119107306,920.605799198858,88.0
1015,Connaught Place to Karol Bagh,Central,28.6421,77.20485,Evening,19,1,3300,264,25.28,Moderate,35.47,Low,0.0,21.2,264,111.92,375.92,Acceptable,95,51,2192.0,920.605799198858,1550.5661119107306,920.605799198858,88.0
1015,Connaught Place to Karol Bagh,Central,28.6421,77.20485,Night,23,0,3300,264,33.61,Moderate,36.18,Low,0.0,28.25,264,149.17,413.17,Acceptable,95,51,767.2,920.605799198858,1550.5661119107306,920.605799198858,88.0
1015,Connaught Place to Karol Bagh,Central,28.6421,77.20485,Night,23,1,3300,264,33.68,Moderate,36.2,Low,0.0,28.3,264,149.44,413.44,Acceptable,95,51,767.2,920.605799198858,1550.5661119107306,920.605799198858,88.0
1015,Connaught Place to Karol Bagh,Central,28.6421,77.20485,Late Night,2,0,3300,264,36.2,Moderate,37.48,Low,0.0,30.54,264,161.27,425.27,Acceptable,95,51,438.4,920.605799198858,1550.5661119107306,920.605799198858,88.0
1015,Connaught Place to Karol Bagh,Central,28.6421,77.20485,Late Night,2,1,3300,264,36.24,Moderate,37.5,Low,0.0,30.58,264,161.46,425.46,Acceptable,95,51,438.4,920.605799198858,1550.5661119107306,920.605799198858,88.0
1016,Karol Bagh to Rajouri Garden,West,28.6495,77.15585,Morning,8,0,7100,568,21.59,Low,0.0,Unknown,0.0,16.19,568,183.95,751.95,Preferred,81,58,1399.45,3315.894335509663,2290.380884612106,5736.96632219391,88.0
1016,Karol Bagh to Rajouri Garden,West,28.6495,77.15585,Morning,8,1,7100,568,21.63,Low,0.0,Unknown,0.0,16.23,568,184.33,752.33,Preferred,81,58,1399.45,3315.894335509663,2290.380884612106,5736.96632219391,88.0
1016,Karol Bagh to Rajouri Garden,West,28.6495,77.15585,Day,13,0,7100,568,21.95,Low,0.0,Unknown,0.0,16.46,568,187.04,755.04,Preferred,81,58,1184.15,3315.894335509663,2290.380884612106,5736.96632219391,88.0
1016,Karol Bagh to Rajouri Garden,West,28.6495,77.15585,Day,13,1,7100,568,21.98,Low,0.0,Unknown,0.0,16.48,568,187.27,755.27,Preferred,81,58,1184.15,3315.894335509663,2290.380884612106,5736.96632219391,88.0
1016,Karol Bagh to Rajouri Garden,West,28.6495,77.15585,Evening,19,0,7100,568,20.28,Low,0.0,Unknown,0.0,15.21,568,172.78,740.78,Preferred,81,58,2153.0,3315.894335509663,2290.380884612106,5736.96632219391,88.0
1016,Karol Bagh to Rajouri Garden,West,28.6495,77.15585,Evening,19,1,7100,568,20.33,Low,0.0,Unknown,0.0,15.25,568,173.22,741.22,Preferred,81,58,2153.0,3315.894335509663,2290.380884612106,5736.96632219391,88.0
1016,Karol Bagh to Rajouri Garden,West,28.6495,77.15585,Night,23,0,7100,568,29.54,Moderate,0.0,Unknown,0.0,22.15,568,251.64,819.64,Acceptable,81,58,753.55,3315.894335509663,2290.380884612106,5736.96632219391,88.0
1016,Karol Bagh to Rajouri Garden,West,28.6495,77.15585,Night,23,1,7100,568,29.6,Moderate,0.0,Unknown,0.0,22.2,568,252.15,820.15,Acceptable,81,58,753.55,3315.894335509663,2290.380884612106,5736.96632219391,88.0
1016,Karol Bagh to Rajouri Garden,West,28.6495,77.15585,Late Night,2,0,7100,568,31.57,Moderate,0.0,Unknown,0.0,23.67,568,268.93,836.93,Acceptable,81,58,430.6,3315.894335509663,2290.380884612106,5736.96632219391,88.0
1016,Karol Bagh to Rajouri Garden,West,28.6495,77.15585,Late Night,2,1,7100,568,31.62,Moderate,0.0,Unknown,0.0,23.71,568,269.37,837.37,Acceptable,81,58,430.6,3315.894335509663,2290.380884612106,5736.96632219391,88.0
1017,Rajouri Garden to Janakpuri,West,28.63445,77.10445,Morning,8,0,4300,344,14.5,Low,0.0,Unknown,0.0,10.88,344,74.84,418.84,Preferred,98,55,1862.9,824.4188836556191,1102.0439086838223,8086.285629078208,85.0
1017,Rajouri Garden to Janakpuri,West,28.63445,77.10445,Morning,8,1,4300,344,14.54,Low,0.0,Unknown,0.0,10.91,344,75.03,419.03,Preferred,98,55,1862.9,824.4188836556191,1102.0439086838223,8086.285629078208,85.0
1017,Rajouri Garden to Janakpuri,West,28.63445,77.10445,Day,13,0,4300,344,14.57,Low,0.0,Unknown,0.0,10.93,344,75.2,419.2,Preferred,98,55,1576.3,824.4188836556191,1102.0439086838223,8086.285629078208,85.0
1017,Rajouri Garden to Janakpuri,West,28.63445,77.10445,Day,13,1,4300,344,14.6,Low,0.0,Unknown,0.0,10.95,344,75.36,419.36,Preferred,98,55,1576.3,824.4188836556191,1102.0439086838223,8086.285629078208,85.0
1017,Rajouri Garden to Janakpuri,West,28.63445,77.10445,Evening,19,0,4300,344,12.8,Low,0.0,Unknown,0.0,9.6,344,66.04,410.04,Preferred,98,55,2866.0,824.4188836556191,1102.0439086838223,8086.285629078208,85.0
1017,Rajouri Garden to Janakpuri,West,28.63445,77.10445,Evening,19,1,4300,344,12.82,Low,0.0,Unknown,0.0,9.61,344,66.14,410.14,Preferred,98,55,2866.0,824.4188836556191,1102.0439086838223,8086.285629078208,85.0
1017,Rajouri Garden to Janakpuri,West,28.63445,77.10445,Night,23,0,4300,344,20.6,Low,0.0,Unknown,0.0,15.45,344,106.32,450.32,Preferred,98,55,1003.1,824.4188836556191,1102.0439086838223,8086.285629078208,85.0
1017,Rajouri Garden to Janakpuri,West,28.63445,77.10445,Night,23,1,4300,344,20.64,Low,0.0,Unknown,0.0,15.48,344,106.51,450.51,Preferred,98,55,1003.1,824.4188836556191,1102.0439086838223,8086.285629078208,85.0
1017,Rajouri Garden to Janakpuri,West,28.63445,77.10445,Late Night,2,0,4300,344,23.74,Low,0.0,Unknown,0.0,17.8,344,122.49,466.49,Preferred,98,55,573.2,824.4188836556191,1102.0439086838223,8086.285629078208,85.0
1017,Rajouri Garden to Janakpuri,West,28.63445,77.10445,Late Night,2,1,4300,344,23.76,Low,0.0,Unknown,0.0,17.82,344,122.61,466.61,Preferred,98,55,573.2,824.4188836556191,1102.0439086838223,8086.285629078208,85.0
1018,Janakpuri to Dwarka Sec 23,South West,28.5888,77.07085000000001,Morning,8,0,8100,648,18.66,Low,0.0,Unknown,0.0,13.99,648,181.36,829.36,Preferred,97,65,2690.35,3968.7062293698127,1342.1627508245456,12210.538185679276,85.0
1018,Janakpuri to Dwarka Sec 23,South West,28.5888,77.07085000000001,Morning,8,1,8100,648,18.69,Low,0.0,Unknown,0.0,14.02,648,181.71,829.71,Preferred,97,65,2690.35,3968.7062293698127,1342.1627508245456,12210.538185679276,85.0
1018,Janakpuri to Dwarka Sec 23,South West,28.5888,77.07085000000001,Day,13,0,8100,648,19.4,Low,0.0,Unknown,0.0,14.55,648,188.54,836.54,Preferred,97,65,2276.45,3968.7062293698127,1342.1627508245456,12210.538185679276,85.0
1018,Janakpuri to Dwarka Sec 23,South West,28.5888,77.07085000000001,Day,13,1,8100,648,19.44,Low,0.0,Unknown,0.0,14.58,648,188.98,836.98,Preferred,97,65,2276.45,3968.7062293698127,1342.1627508245456,12210.538185679276,85.0
1018,Janakpuri to Dwarka Sec 23,South West,28.5888,77.07085000000001,Evening,19,0,8100,648,16.39,Low,0.0,Unknown,0.0,12.29,648,159.3,807.3,Preferred,97,65,4139.0,3968.7062293698127,1342.1627508245456,12210.538185679276,85.0
1018,Janakpuri to Dwarka Sec 23,South West,28.5888,77.07085000000001,Evening,19,1,8100,648,16.41,Low,0.0,Unknown,0.0,12.3,648,159.47,807.47,Preferred,97,65,4139.0,3968.7062293698127,1342.1627508245456,12210.538185679276,85.0
1018,Janakpuri to Dwarka Sec 23,South West,28.5888,77.07085000000001,Night,23,0,8100,648,25.22,Moderate,0.0,Unknown,0.0,18.92,648,245.15,893.15,Acceptable,97,65,1448.65,3968.7062293698127,1342.1627508245456,12210.538185679276,85.0
1018,Janakpuri to Dwarka Sec 23,South West,28.5888,77.07085000000001,Night,23,1,8100,648,25.26,Moderate,0.0,Unknown,0.0,18.95,648,245.53,893.53,Acceptable,97,65,1448.65,3968.7062293698127,1342.1627508245456,12210.538185679276,85.0
1018,Janakpuri to Dwarka Sec 23,South West,28.5888,77.07085000000001,Late Night,2,0,8100,648,29.12,Moderate,0.0,Unknown,0.0,21.84,648,283.03,931.03,Acceptable,97,65,827.8,3968.7062293698127,1342.1627508245456,12210.538185679276,85.0
1018,Janakpuri to Dwarka Sec 23,South West,28.5888,77.07085000000001,Late Night,2,1,8100,648,29.16,Moderate,0.0,Unknown,0.0,21.87,648,283.43,931.43,Acceptable,97,65,827.8,3968.7062293698127,1342.1627508245456,12210.538185679276,85.0
1019,CP to Daryaganj,Central,28.64045,77.22999999999999,Morning,8,0,2800,224,28.93,Moderate,0.0,Unknown,0.0,21.7,224,97.2,321.2,Acceptable,100,62,1382.55,1338.8600414575765,1086.5647141591824,1571.9253096448,88.0
1019,CP to Daryaganj,Central,28.64045,77.22999999999999,Morning,8,1,2800,224,28.97,Moderate,0.0,Unknown,0.0,21.73,224,97.35,321.35,Acceptable,100,62,1382.55,1338.8600414575765,1086.5647141591824,1571.9253096448,88.0
1019,CP to Daryaganj,Central,28.64045,77.22999999999999,Day,13,0,2800,224,29.92,Moderate,0.0,Unknown,0.0,22.44,224,100.53,324.53,Acceptable,100,62,1169.85,1338.8600414575765,1086.5647141591824,1571.9253096448,88.0
1019,CP to Daryaganj,Central,28.64045,77.22999999999999,Day,13,1,2800,224,29.95,Moderate,0.0,Unknown,0.0,22.46,224,100.62,324.62,Acceptable,100,62,1169.85,1338.8600414575765,1086.5647141591824,1571.9253096448,88.0
1019,CP to Daryaganj,Central,28.64045,77.22999999999999,Evening,19,0,2800,224,27.84,Moderate,0.0,Unknown,0.0,20.88,224,93.55,317.55,Acceptable,100,62,2127.0,1338.8600414575765,1086.5647141591824,1571.9253096448,88.0
1019,CP to Daryaganj,Central,28.64045,77.22999999999999,Evening,19,1,2800,224,27.9,Moderate,0.0,Unknown,0.0,20.92,224,93.74,317.74,Acceptable,100,62,2127.0,1338.8600414575765,1086.5647141591824,1571.9253096448,88.0
1019,CP to Daryaganj,Central,28.64045,77.22999999999999,Night,23,0,2800,224,35.51,Moderate,0.0,Unknown,0.0,26.64,224,119.33,343.33,Acceptable,100,62,744.45,1338.8600414575765,1086.5647141591824,1571.9253096448,88.0
1019,CP to Daryaganj,Central,28.64045,77.22999999999999,Night,23,1,2800,224,35.57,Moderate,0.0,Unknown,0.0,26.68,224,119.53,343.53,Acceptable,100,62,744.45,1338.8600414575765,1086.5647141591824,1571.9253096448,88.0
1019,CP to Daryaganj,Central,28.64045,77.22999999999999,Late Night,2,0,2800,224,37.94,Moderate,0.0,Unknown,0.0,28.45,224,127.46,351.46,Acceptable,100,62,425.4,1338.8600414575765,1086.5647141591824,1571.9253096448,88.0
1019,CP to Daryaganj,Central,28.64045,77.22999999999999,Late Night,2,1,2800,224,37.96,Moderate,0.0,Unknown,0.0,28.47,224,127.55,351.55,Acceptable,100,62,425.4,1338.8600414575765,1086.5647141591824,1571.9253096448,88.0
1020,Daryaganj to Kashmere Gate,North,28.65735,77.2353,Morning,8,0,2300,184,25.02,Moderate,31.35,Low,0.0,20.73,184,76.28,260.28,Acceptable,88,75,1858.35,419.9952799048112,1695.7139074849822,2591.3091829093505,88.0
1020,Daryaganj to Kashmere Gate,North,28.65735,77.2353,Morning,8,1,2300,184,25.06,Moderate,31.36,Low,0.0,20.76,184,76.39,260.39,Acceptable,88,75,1858.35,419.9952799048112,1695.7139074849822,2591.3091829093505,88.0
1020,Daryaganj to Kashmere Gate,North,28.65735,77.2353,Day,13,0,2300,184,25.45,Moderate,30.72,Low,0.0,21.04,184,77.42,261.42,Acceptable,88,75,1572.45,419.9952799048112,1695.7139074849822,2591.3091829093505,88.0
1020,Daryaganj to Kashmere Gate,North,28.65735,77.2353,Day,13,1,2300,184,25.48,Moderate,30.73,Low,0.0,21.07,184,77.53,261.53,Acceptable,88,75,1572.45,419.9952799048112,1695.7139074849822,2591.3091829093505,88.0
1020,Daryaganj to Kashmere Gate,North,28.65735,77.2353,Evening,19,0,2300,184,23.9,Low,34.06,Low,0.0,19.96,184,73.45,257.45,Preferred,88,75,2859.0,419.9952799048112,1695.7139074849822,2591.3091829093505,88.0
1020,Daryaganj to Kashmere Gate,North,28.65735,77.2353,Evening,19,1,2300,184,23.93,Low,34.07,Low,0.0,19.99,184,73.55,257.55,Preferred,88,75,2859.0,419.9952799048112,1695.7139074849822,2591.3091829093505,88.0
1020,Daryaganj to Kashmere Gate,North,28.65735,77.2353,Night,23,0,2300,184,31.13,Moderate,32.72,Low,0.0,25.89,184,95.28,279.28,Acceptable,88,75,1000.65,419.9952799048112,1695.7139074849822,2591.3091829093505,88.0
1020,Daryaganj to Kashmere Gate,North,28.65735,77.2353,Night,23,1,2300,184,31.19,Moderate,32.72,Low,0.0,25.94,184,95.46,279.46,Acceptable,88,75,1000.65,419.9952799048112,1695.7139074849822,2591.3091829093505,88.0
1020,Daryaganj to Kashmere Gate,North,28.65735,77.2353,Late Night,2,0,2300,184,35.44,Moderate,32.93,Low,0.0,29.5,184,108.56,292.56,Acceptable,88,75,571.8,419.9952799048112,1695.7139074849822,2591.3091829093505,88.0
1020,Daryaganj to Kashmere Gate,North,28.65735,77.2353,Late Night,2,1,2300,184,35.47,Moderate,32.92,Low,0.0,29.53,184,108.65,292.65,Acceptable,88,75,571.8,419.9952799048112,1695.7139074849822,2591.3091829093505,88.0
1021,Kashmere Gate to Civil Lines,North,28.67385,77.22625,Morning,8,0,1800,144,24.28,Low,32.78,Low,0.0,20.2,144,58.19,202.19,Preferred,90,69,2286.7,899.4536378262446,1118.4248675148615,3605.233248968545,88.0
1021,Kashmere Gate to Civil Lines,North,28.67385,77.22625,Morning,8,1,1800,144,24.33,Low,32.78,Low,0.0,20.24,144,58.31,202.31,Preferred,90,69,2286.7,899.4536378262446,1118.4248675148615,3605.233248968545,88.0
1021,Kashmere Gate to Civil Lines,North,28.67385,77.22625,Day,13,0,1800,144,25.0,Low,31.2,Low,0.0,20.7,144,59.61,203.61,Preferred,90,69,1934.9,899.4536378262446,1118.4248675148615,3605.233248968545,88.0
1021,Kashmere Gate to Civil Lines,North,28.67385,77.22625,Day,13,1,1800,144,25.05,Moderate,31.2,Low,0.0,20.74,144,59.74,203.74,Acceptable,90,69,1934.9,899.4536378262446,1118.4248675148615,3605.233248968545,88.0
1021,Kashmere Gate to Civil Lines,North,28.67385,77.22625,Evening,19,0,1800,144,23.81,Low,34.5,Low,0.0,19.91,144,57.34,201.34,Preferred,90,69,3518.0,899.4536378262446,1118.4248675148615,3605.233248968545,88.0
1021,Kashmere Gate to Civil Lines,North,28.67385,77.22625,Evening,19,1,1800,144,23.85,Low,34.51,Low,0.0,19.94,144,57.44,201.44,Preferred,90,69,3518.0,899.4536378262446,1118.4248675148615,3605.233248968545,88.0
1021,Kashmere Gate to Civil Lines,North,28.67385,77.22625,Night,23,0,1800,144,31.62,Moderate,33.12,Low,0.0,26.33,144,75.84,219.84,Acceptable,90,69,1231.3,899.4536378262446,1118.4248675148615,3605.233248968545,88.0
1021,Kashmere Gate to Civil Lines,North,28.67385,77.22625,Night,23,1,1800,144,31.65,Moderate,33.13,Low,0.0,26.36,144,75.92,219.92,Acceptable,90,69,1231.3,899.4536378262446,1118.4248675148615,3605.233248968545,88.0
1021,Kashmere Gate to Civil Lines,North,28.67385,77.22625,Late Night,2,0,1800,144,37.03,Moderate,33.37,Low,0.0,30.86,144,88.87,232.87,Acceptable,90,69,703.6,899.4536378262446,1118.4248675148615,3605.233248968545,88.0
1021,Kashmere Gate to Civil Lines,North,28.67385,77.22625,Late Night,2,1,1800,144,37.06,Moderate,33.37,Low,0.0,30.88,144,88.95,232.95,Acceptable,90,69,703.6,899.4536378262446,1118.4248675148615,3605.233248968545,88.0
1022,Civil Lines to Model Town,North,28.69185,77.20779999999999,Morning,8,0,3600,288,24.64,Low,0.0,Unknown,0.0,18.48,288,106.44,394.44,Preferred,74,46,233.35,371.0033173497666,2240.3701566943887,5445.550668722064,88.0
1022,Civil Lines to Model Town,North,28.69185,77.20779999999999,Morning,8,1,3600,288,24.69,Low,0.0,Unknown,0.0,18.51,288,106.64,394.64,Preferred,74,46,233.35,371.0033173497666,2240.3701566943887,5445.550668722064,88.0
1022,Civil Lines to Model Town,North,28.69185,77.20779999999999,Day,13,0,3600,288,24.69,Low,0.0,Unknown,0.0,18.52,288,106.67,394.67,Preferred,74,46,197.45,371.0033173497666,2240.3701566943887,5445.550668722064,88.0
1022,Civil Lines to Model Town,North,28.69185,77.20779999999999,Day,13,1,3600,288,24.74,Low,0.0,Unknown,0.0,18.55,288,106.87,394.87,Preferred,74,46,197.45,371.0033173497666,2240.3701566943887,5445.550668722064,88.0
1022,Civil Lines to Model Town,North,28.69185,77.20779999999999,Evening,19,0,3600,288,24.59,Low,0.0,Unknown,0.0,18.44,288,106.23,394.23,Preferred,74,46,359.0,371.0033173497666,2240.3701566943887,5445.550668722064,88.0
1022,Civil Lines to Model Town,North,28.69185,77.20779999999999,Evening,19,1,3600,288,24.64,Low,0.0,Unknown,0.0,18.48,288,106.43,394.43,Preferred,74,46,359.0,371.0033173497666,2240.3701566943887,5445.550668722064,88.0
1022,Civil Lines to Model Town,North,28.69185,77.20779999999999,Night,23,0,3600,288,31.39,Moderate,0.0,Unknown,0.0,23.54,288,135.61,423.61,Acceptable,74,46,125.65,371.0033173497666,2240.3701566943887,5445.550668722064,88.0
1022,Civil Lines to Model Town,North,28.69185,77.20779999999999,Night,23,1,3600,288,31.45,Moderate,0.0,Unknown,0.0,23.59,288,135.88,423.88,Acceptable,74,46,125.65,371.0033173497666,2240.3701566943887,5445.550668722064,88.0
1022,Civil Lines to Model Town,North,28.69185,77.20779999999999,Late Night,2,0,3600,288,33.88,Moderate,0.0,Unknown,0.0,25.41,288,146.37,434.37,Acceptable,74,46,71.8,371.0033173497666,2240.3701566943887,5445.550668722064,88.0
1022,Civil Lines to Model Town,North,28.69185,77.20779999999999,Late Night,2,1,3600,288,33.92,Moderate,0.0,Unknown,0.0,25.44,288,146.54,434.54,Acceptable,74,46,71.8,371.0033173497666,2240.3701566943887,5445.550668722064,88.0
1023,Model Town to Shalimar Bagh,North West,28.70895,77.17580000000001,Morning,8,0,3800,304,28.65,Moderate,0.0,Unknown,0.0,21.49,304,130.66,434.66,Acceptable,64,38,239.85,1842.2399278000407,5518.796343934491,8214.954275079734,88.0
1023,Model Town to Shalimar Bagh,North West,28.70895,77.17580000000001,Morning,8,1,3800,304,28.7,Moderate,0.0,Unknown,0.0,21.52,304,130.86,434.86,Acceptable,64,38,239.85,1842.2399278000407,5518.796343934491,8214.954275079734,88.0
1023,Model Town to Shalimar Bagh,North West,28.70895,77.17580000000001,Day,13,0,3800,304,28.77,Moderate,0.0,Unknown,0.0,21.58,304,131.2,435.2,Acceptable,64,38,202.95,1842.2399278000407,5518.796343934491,8214.954275079734,88.0
1023,Model Town to Shalimar Bagh,North West,28.70895,77.17580000000001,Day,13,1,3800,304,28.82,Moderate,0.0,Unknown,0.0,21.61,304,131.41,435.41,Acceptable,64,38,202.95,1842.2399278000407,5518.796343934491,8214.954275079734,88.0
1023,Model Town to Shalimar Bagh,North West,28.70895,77.17580000000001,Evening,19,0,3800,304,28.57,Moderate,0.0,Unknown,0.0,21.43,304,130.27,434.27,Acceptable,64,38,369.0,1842.2399278000407,5518.796343934491,8214.954275079734,88.0
1023,Model Town to Shalimar Bagh,North West,28.70895,77.17580000000001,Evening,19,1,3800,304,28.61,Moderate,0.0,Unknown,0.0,21.46,304,130.48,434.48,Acceptable,64,38,369.0,1842.2399278000407,5518.796343934491,8214.954275079734,88.0
1023,Model Town to Shalimar Bagh,North West,28.70895,77.17580000000001,Night,23,0,3800,304,35.92,Moderate,0.0,Unknown,0.0,26.94,304,163.78,467.78,Acceptable,64,38,129.15,1842.2399278000407,5518.796343934491,8214.954275079734,88.0
1023,Model Town to Shalimar Bagh,North West,28.70895,77.17580000000001,Night,23,1,3800,304,35.98,Moderate,0.0,Unknown,0.0,26.98,304,164.06,468.06,Acceptable,64,38,129.15,1842.2399278000407,5518.796343934491,8214.954275079734,88.0
1023,Model Town to Shalimar Bagh,North West,28.70895,77.17580000000001,Late Night,2,0,3800,304,38.45,Moderate,0.0,Unknown,0.0,28.83,304,175.32,479.32,Acceptable,64,38,73.8,1842.2399278000407,5518.796343934491,8214.954275079734,88.0
1023,Model Town to Shalimar Bagh,North West,28.70895,77.17580000000001,Late Night,2,1,3800,304,38.48,Moderate,0.0,Unknown,0.0,28.86,304,175.47,479.47,Acceptable,64,38,73.8,1842.2399278000407,5518.796343934491,8214.954275079734,88.0
1024,Shalimar Bagh to Rohini Sec 18,North West,28.7258,77.14545,Morning,8,0,3300,264,27.55,Moderate,0.0,Unknown,0.0,20.66,264,109.09,373.09,Acceptable,54,18,729.95,1712.226353757866,3193.9451745531337,8394.31777128385,85.0
1024,Shalimar Bagh to Rohini Sec 18,North West,28.7258,77.14545,Morning,8,1,3300,264,27.59,Moderate,0.0,Unknown,0.0,20.7,264,109.28,373.28,Acceptable,54,18,729.95,1712.226353757866,3193.9451745531337,8394.31777128385,85.0
1024,Shalimar Bagh to Rohini Sec 18,North West,28.7258,77.14545,Day,13,0,3300,264,27.67,Moderate,0.0,Unknown,0.0,20.75,264,109.56,373.56,Acceptable,54,18,617.65,1712.226353757866,3193.9451745531337,8394.31777128385,85.0
1024,Shalimar Bagh to Rohini Sec 18,North West,28.7258,77.14545,Day,13,1,3300,264,27.7,Moderate,0.0,Unknown,0.0,20.78,264,109.71,373.71,Acceptable,54,18,617.65,1712.226353757866,3193.9451745531337,8394.31777128385,85.0
1024,Shalimar Bagh to Rohini Sec 18,North West,28.7258,77.14545,Evening,19,0,3300,264,25.98,Moderate,0.0,Unknown,0.0,19.49,264,102.89,366.89,Acceptable,54,18,1123.0,1712.226353757866,3193.9451745531337,8394.31777128385,85.0
1024,Shalimar Bagh to Rohini Sec 18,North West,28.7258,77.14545,Evening,19,1,3300,264,26.02,Moderate,0.0,Unknown,0.0,19.52,264,103.06,367.06,Acceptable,54,18,1123.0,1712.226353757866,3193.9451745531337,8394.31777128385,85.0
1024,Shalimar Bagh to Rohini Sec 18,North West,28.7258,77.14545,Night,23,0,3300,264,35.06,Moderate,0.0,Unknown,0.0,26.29,264,138.82,402.82,Acceptable,54,18,393.05,1712.226353757866,3193.9451745531337,8394.31777128385,85.0
1024,Shalimar Bagh to Rohini Sec 18,North West,28.7258,77.14545,Night,23,1,3300,264,35.11,Moderate,0.0,Unknown,0.0,26.33,264,139.05,403.05,Acceptable,54,18,393.05,1712.226353757866,3193.9451745531337,8394.31777128385,85.0
1024,Shalimar Bagh to Rohini Sec 18,North West,28.7258,77.14545,Late Night,2,0,3300,264,37.82,Moderate,0.0,Unknown,0.0,28.37,264,149.77,413.77,Acceptable,54,18,224.6,1712.226353757866,3193.9451745531337,8394.31777128385,85.0
1024,Shalimar Bagh to Rohini Sec 18,North West,28.7258,77.14545,Late Night,2,1,3300,264,37.86,Moderate,0.0,Unknown,0.0,28.39,264,149.91,413.91,Acceptable,54,18,224.6,1712.226353757866,3193.9451745531337,8394.31777128385,85.0
1025,Daryaganj to Preet Vihar (Vikas Marg),East,28.64515,77.26785,Morning,8,0,5700,456,21.97,Low,0.0,Unknown,0.0,16.48,456,150.26,606.26,Preferred,80,72,2440.75,1867.184827727352,2811.6416080506965,2596.956097785589,92.0
1025,Daryaganj to Preet Vihar (Vikas Marg),East,28.64515,77.26785,Morning,8,1,5700,456,21.99,Low,0.0,Unknown,0.0,16.49,456,150.4,606.4,Preferred,80,72,2440.75,1867.184827727352,2811.6416080506965,2596.956097785589,92.0
1025,Daryaganj to Preet Vihar (Vikas Marg),East,28.64515,77.26785,Day,13,0,5700,456,22.93,Low,0.0,Unknown,0.0,17.2,456,156.84,612.84,Preferred,80,72,2065.25,1867.184827727352,2811.6416080506965,2596.956097785589,92.0
1025,Daryaganj to Preet Vihar (Vikas Marg),East,28.64515,77.26785,Day,13,1,5700,456,22.97,Low,0.0,Unknown,0.0,17.23,456,157.14,613.14,Preferred,80,72,2065.25,1867.184827727352,2811.6416080506965,2596.956097785589,92.0
1025,Daryaganj to Preet Vihar (Vikas Marg),East,28.64515,77.26785,Evening,19,0,5700,456,19.67,Low,0.0,Unknown,0.0,14.75,456,134.55,590.55,Preferred,80,72,3755.0,1867.184827727352,2811.6416080506965,2596.956097785589,92.0
1025,Daryaganj to Preet Vihar (Vikas Marg),East,28.64515,77.26785,Evening,19,1,5700,456,19.67,Low,0.0,Unknown,0.0,14.75,456,134.54,590.54,Preferred,80,72,3755.0,1867.184827727352,2811.6416080506965,2596.956097785589,92.0
1025,Daryaganj to Preet Vihar (Vikas Marg),East,28.64515,77.26785,Night,23,0,5700,456,29.41,Moderate,0.0,Unknown,0.0,22.06,456,201.16,657.16,Acceptable,80,72,1314.25,1867.184827727352,2811.6416080506965,2596.956097785589,92.0
1025,Daryaganj to Preet Vihar (Vikas Marg),East,28.64515,77.26785,Night,23,1,5700,456,29.45,Moderate,0.0,Unknown,0.0,22.09,456,201.42,657.42,Acceptable,80,72,1314.25,1867.184827727352,2811.6416080506965,2596.956097785589,92.0
1025,Daryaganj to Preet Vihar (Vikas Marg),East,28.64515,77.26785,Late Night,2,0,5700,456,33.01,Moderate,0.0,Unknown,0.0,24.75,456,225.76,681.76,Acceptable,80,72,751.0,1867.184827727352,2811.6416080506965,2596.956097785589,92.0
1025,Daryaganj to Preet Vihar (Vikas Marg),East,28.64515,77.26785,Late Night,2,1,5700,456,33.06,Moderate,0.0,Unknown,0.0,24.79,456,226.13,682.13,Acceptable,80,72,751.0,1867.184827727352,2811.6416080506965,2596.956097785589,92.0
1026,Preet Vihar to Shahdara,East,28.6573,77.29185,Morning,8,0,3400,272,22.2,Low,0.0,Unknown,0.0,16.65,272,90.58,362.58,Preferred,87,72,2013.05,1721.4763765557398,3181.181301272154,2604.96940052512,92.0
1026,Preet Vihar to Shahdara,East,28.6573,77.29185,Morning,8,1,3400,272,22.25,Low,0.0,Unknown,0.0,16.68,272,90.76,362.76,Preferred,87,72,2013.05,1721.4763765557398,3181.181301272154,2604.96940052512,92.0
1026,Preet Vihar to Shahdara,East,28.6573,77.29185,Day,13,0,3400,272,22.28,Low,0.0,Unknown,0.0,16.71,272,90.89,362.89,Preferred,87,72,1703.35,1721.4763765557398,3181.181301272154,2604.96940052512,92.0
1026,Preet Vihar to Shahdara,East,28.6573,77.29185,Day,13,1,3400,272,22.32,Low,0.0,Unknown,0.0,16.74,272,91.05,363.05,Preferred,87,72,1703.35,1721.4763765557398,3181.181301272154,2604.96940052512,92.0
1026,Preet Vihar to Shahdara,East,28.6573,77.29185,Evening,19,0,3400,272,20.48,Low,0.0,Unknown,0.0,15.36,272,83.54,355.54,Preferred,87,72,3097.0,1721.4763765557398,3181.181301272154,2604.96940052512,92.0
1026,Preet Vihar to Shahdara,East,28.6573,77.29185,Evening,19,1,3400,272,20.5,Low,0.0,Unknown,0.0,15.37,272,83.63,355.63,Preferred,87,72,3097.0,1721.4763765557398,3181.181301272154,2604.96940052512,92.0
1026,Preet Vihar to Shahdara,East,28.6573,77.29185,Night,23,0,3400,272,29.49,Moderate,0.0,Unknown,0.0,22.12,272,120.32,392.32,Acceptable,87,72,1083.95,1721.4763765557398,3181.181301272154,2604.96940052512,92.0
1026,Preet Vihar to Shahdara,East,28.6573,77.29185,Night,23,1,3400,272,29.55,Moderate,0.0,Unknown,0.0,22.16,272,120.56,392.56,Acceptable,87,72,1083.95,1721.4763765557398,3181.181301272154,2604.96940052512,92.0
1026,Preet Vihar to Shahdara,East,28.6573,77.29185,Late Night,2,0,3400,272,32.58,Moderate,0.0,Unknown,0.0,24.43,272,132.91,404.91,Acceptable,87,72,619.4,1721.4763765557398,3181.181301272154,2604.96940052512,92.0
1026,Preet Vihar to Shahdara,East,28.6573,77.29185,Late Night,2,1,3400,272,32.62,Moderate,0.0,Unknown,0.0,24.47,272,133.09,405.09,Acceptable,87,72,619.4,1721.4763765557398,3181.181301272154,2604.96940052512,92.0
1027,Shahdara to Seelampur,North East,28.6705,77.27844999999999,Morning,8,0,2100,168,33.1,Moderate,0.0,Unknown,0.0,24.83,168,83.42,251.42,Acceptable,47,34,516.1,1005.390067279368,3528.12065858226,1005.408318836458,92.0
1027,Shahdara to Seelampur,North East,28.6705,77.27844999999999,Morning,8,1,2100,168,33.14,Moderate,0.0,Unknown,0.0,24.85,168,83.51,251.51,Acceptable,47,34,516.1,1005.390067279368,3528.12065858226,1005.408318836458,92.0
1027,Shahdara to Seelampur,North East,28.6705,77.27844999999999,Day,13,0,2100,168,33.2,Moderate,0.0,Unknown,0.0,24.9,168,83.68,251.68,Acceptable,47,34,436.7,1005.390067279368,3528.12065858226,1005.408318836458,92.0
1027,Shahdara to Seelampur,North East,28.6705,77.27844999999999,Day,13,1,2100,168,33.24,Moderate,0.0,Unknown,0.0,24.93,168,83.77,251.77,Acceptable,47,34,436.7,1005.390067279368,3528.12065858226,1005.408318836458,92.0
1027,Shahdara to Seelampur,North East,28.6705,77.27844999999999,Evening,19,0,2100,168,32.6,Moderate,0.0,Unknown,0.0,24.45,168,82.14,250.14,Acceptable,47,34,794.0,1005.390067279368,3528.12065858226,1005.408318836458,92.0
1027,Shahdara to Seelampur,North East,28.6705,77.27844999999999,Evening,19,1,2100,168,32.64,Moderate,0.0,Unknown,0.0,24.48,168,82.25,250.25,Acceptable,47,34,794.0,1005.390067279368,3528.12065858226,1005.408318836458,92.0
1027,Shahdara to Seelampur,North East,28.6705,77.27844999999999,Night,23,0,2100,168,42.42,High,0.0,Unknown,0.0,31.82,168,106.9,274.9,Use with caution,47,34,277.9,1005.390067279368,3528.12065858226,1005.408318836458,92.0
1027,Shahdara to Seelampur,North East,28.6705,77.27844999999999,Night,23,1,2100,168,42.46,High,0.0,Unknown,0.0,31.85,168,107.01,275.01,Use with caution,47,34,277.9,1005.390067279368,3528.12065858226,1005.408318836458,92.0
1027,Shahdara to Seelampur,North East,28.6705,77.27844999999999,Late Night,2,0,2100,168,44.88,High,0.0,Unknown,0.0,33.66,168,113.1,281.1,Use with caution,47,34,158.8,1005.390067279368,3528.12065858226,1005.408318836458,92.0
1027,Shahdara to Seelampur,North East,28.6705,77.27844999999999,Late Night,2,1,2100,168,44.92,High,0.0,Unknown,0.0,33.69,168,113.2,281.2,Use with caution,47,34,158.8,1005.390067279368,3528.12065858226,1005.408318836458,92.0
1028,Seelampur to Nand Nagri,North East,28.6835,77.28545,Morning,8,0,4700,376,27.36,Moderate,0.0,Unknown,0.0,20.52,376,154.29,530.29,Acceptable,58,41,53.95,1258.8140686880931,2450.897686329507,2355.392868112787,86.0
1028,Seelampur to Nand Nagri,North East,28.6835,77.28545,Morning,8,1,4700,376,27.4,Moderate,0.0,Unknown,0.0,20.55,376,154.56,530.56,Acceptable,58,41,53.95,1258.8140686880931,2450.897686329507,2355.392868112787,86.0
1028,Seelampur to Nand Nagri,North East,28.6835,77.28545,Day,13,0,4700,376,27.41,Moderate,0.0,Unknown,0.0,20.56,376,154.62,530.62,Acceptable,58,41,45.65,1258.8140686880931,2450.897686329507,2355.392868112787,86.0
1028,Seelampur to Nand Nagri,North East,28.6835,77.28545,Day,13,1,4700,376,27.46,Moderate,0.0,Unknown,0.0,20.6,376,154.89,530.89,Acceptable,58,41,45.65,1258.8140686880931,2450.897686329507,2355.392868112787,86.0
1028,Seelampur to Nand Nagri,North East,28.6835,77.28545,Evening,19,0,4700,376,27.29,Moderate,0.0,Unknown,0.0,20.47,376,153.9,529.9,Acceptable,58,41,83.0,1258.8140686880931,2450.897686329507,2355.392868112787,86.0
1028,Seelampur to Nand Nagri,North East,28.6835,77.28545,Evening,19,1,4700,376,27.33,Moderate,0.0,Unknown,0.0,20.5,376,154.17,530.17,Acceptable,58,41,83.0,1258.8140686880931,2450.897686329507,2355.392868112787,86.0
1028,Seelampur to Nand Nagri,North East,28.6835,77.28545,Night,23,0,4700,376,35.05,Moderate,0.0,Unknown,0.0,26.29,376,197.68,573.68,Acceptable,58,41,29.05,1258.8140686880931,2450.897686329507,2355.392868112787,86.0
1028,Seelampur to Nand Nagri,North East,28.6835,77.28545,Night,23,1,4700,376,35.11,Moderate,0.0,Unknown,0.0,26.33,376,198.01,574.01,Acceptable,58,41,29.05,1258.8140686880931,2450.897686329507,2355.392868112787,86.0
1028,Seelampur to Nand Nagri,North East,28.6835,77.28545,Late Night,2,0,4700,376,37.36,Moderate,0.0,Unknown,0.0,28.02,376,210.7,586.7,Acceptable,58,41,16.6,1258.8140686880931,2450.897686329507,2355.392868112787,86.0
1028,Seelampur to Nand Nagri,North East,28.6835,77.28545,Late Night,2,1,4700,376,37.41,Moderate,0.0,Unknown,0.0,28.05,376,210.97,586.97,Acceptable,58,41,16.6,1258.8140686880931,2450.897686329507,2355.392868112787,86.0
1029,Lajpat Nagar to Mayur Vihar (DND Link),South East,28.5884,77.2704,Morning,8,0,6800,544,21.19,Low,0.0,Unknown,0.0,15.89,544,172.9,716.9,Preferred,95,71,2132.65,3531.5421694520314,2936.843817293756,6516.491117250378,84.0
1029,Lajpat Nagar to Mayur Vihar (DND Link),South East,28.5884,77.2704,Morning,8,1,6800,544,21.24,Low,0.0,Unknown,0.0,15.93,544,173.33,717.33,Preferred,95,71,2132.65,3531.5421694520314,2936.843817293756,6516.491117250378,84.0
1029,Lajpat Nagar to Mayur Vihar (DND Link),South East,28.5884,77.2704,Day,13,0,6800,544,21.31,Low,0.0,Unknown,0.0,15.98,544,173.9,717.9,Preferred,95,71,1804.55,3531.5421694520314,2936.843817293756,6516.491117250378,84.0
1029,Lajpat Nagar to Mayur Vihar (DND Link),South East,28.5884,77.2704,Day,13,1,6800,544,21.35,Low,0.0,Unknown,0.0,16.02,544,174.25,718.25,Preferred,95,71,1804.55,3531.5421694520314,2936.843817293756,6516.491117250378,84.0
1029,Lajpat Nagar to Mayur Vihar (DND Link),South East,28.5884,77.2704,Evening,19,0,6800,544,19.14,Low,0.0,Unknown,0.0,14.36,544,156.19,700.19,Preferred,95,71,3281.0,3531.5421694520314,2936.843817293756,6516.491117250378,84.0
1029,Lajpat Nagar to Mayur Vihar (DND Link),South East,28.5884,77.2704,Evening,19,1,6800,544,19.18,Low,0.0,Unknown,0.0,14.38,544,156.49,700.49,Preferred,95,71,3281.0,3531.5421694520314,2936.843817293756,6516.491117250378,84.0
1029,Lajpat Nagar to Mayur Vihar (DND Link),South East,28.5884,77.2704,Night,23,0,6800,544,28.15,Moderate,0.0,Unknown,0.0,21.11,544,229.71,773.71,Acceptable,95,71,1148.35,3531.5421694520314,2936.843817293756,6516.491117250378,84.0
1029,Lajpat Nagar to Mayur Vihar (DND Link),South East,28.5884,77.2704,Night,23,1,6800,544,28.21,Moderate,0.0,Unknown,0.0,21.16,544,230.17,774.17,Acceptable,95,71,1148.35,3531.5421694520314,2936.843817293756,6516.491117250378,84.0
1029,Lajpat Nagar to Mayur Vihar (DND Link),South East,28.5884,77.2704,Late Night,2,0,6800,544,30.97,Moderate,0.0,Unknown,0.0,23.23,544,252.74,796.74,Acceptable,95,71,656.2,3531.5421694520314,2936.843817293756,6516.491117250378,84.0
1029,Lajpat Nagar to Mayur Vihar (DND Link),South East,28.5884,77.2704,Late Night,2,1,6800,544,31.02,Moderate,0.0,Unknown,0.0,23.26,544,253.09,797.09,Acceptable,95,71,656.2,3531.5421694520314,2936.843817293756,6516.491117250378,84.0
1030,Okhla Ind Area to Sarita Vihar,South East,28.5355,77.27735,Morning,8,0,1800,144,34.92,Moderate,0.0,Unknown,0.0,26.19,144,75.43,219.43,Acceptable,38,22,412.75,873.3083623879686,873.2860050155721,873.3083623879686,84.0
1030,Okhla Ind Area to Sarita Vihar,South East,28.5355,77.27735,Morning,8,1,1800,144,34.95,Moderate,0.0,Unknown,0.0,26.21,144,75.49,219.49,Acceptable,38,22,412.75,873.3083623879686,873.2860050155721,873.3083623879686,84.0
1030,Okhla Ind Area to Sarita Vihar,South East,28.5355,77.27735,Day,13,0,1800,144,35.07,Moderate,0.0,Unknown,0.0,26.3,144,75.75,219.75,Acceptable,38,22,349.25,873.3083623879686,873.2860050155721,873.3083623879686,84.0
1030,Okhla Ind Area to Sarita Vihar,South East,28.5355,77.27735,Day,13,1,1800,144,35.1,Moderate,0.0,Unknown,0.0,26.33,144,75.82,219.82,Acceptable,38,22,349.25,873.3083623879686,873.2860050155721,873.3083623879686,84.0
1030,Okhla Ind Area to Sarita Vihar,South East,28.5355,77.27735,Evening,19,0,1800,144,34.66,Moderate,0.0,Unknown,0.0,26.0,144,74.87,218.87,Acceptable,38,22,635.0,873.3083623879686,873.2860050155721,873.3083623879686,84.0
1030,Okhla Ind Area to Sarita Vihar,South East,28.5355,77.27735,Evening,19,1,1800,144,34.69,Moderate,0.0,Unknown,0.0,26.02,144,74.93,218.93,Acceptable,38,22,635.0,873.3083623879686,873.2860050155721,873.3083623879686,84.0
1030,Okhla Ind Area to Sarita Vihar,South East,28.5355,77.27735,Night,23,0,1800,144,44.07,High,0.0,Unknown,0.0,33.06,144,95.2,239.2,Use with caution,38,22,222.25,873.3083623879686,873.2860050155721,873.3083623879686,84.0
1030,Okhla Ind Area to Sarita Vihar,South East,28.5355,77.27735,Night,23,1,1800,144,44.12,High,0.0,Unknown,0.0,33.09,144,95.29,239.29,Use with caution,38,22,222.25,873.3083623879686,873.2860050155721,873.3083623879686,84.0
1030,Okhla Ind Area to Sarita Vihar,South East,28.5355,77.27735,Late Night,2,0,1800,144,46.78,High,0.0,Unknown,0.0,35.09,144,101.05,245.05,Use with caution,38,22,127.0,873.3083623879686,873.2860050155721,873.3083623879686,84.0
1030,Okhla Ind Area to Sarita Vihar,South East,28.5355,77.27735,Late Night,2,1,1800,144,46.81,High,0.0,Unknown,0.0,35.11,144,101.11,245.11,Use with caution,38,22,127.0,873.3083623879686,873.2860050155721,873.3083623879686,84.0
